tar_file	member_name	normalized_image_id	size_bytes	typeflag	offset
crispr_screen_20240615_chunk_aa.tar	100000024761494857298569926110060627021.npz	100000024761494857298569926110060627021	78611	0	0
crispr_screen_20240615_chunk_aa.tar	100000235360096190881752765667944812208.npz	100000235360096190881752765667944812208	94424	0	79360
crispr_screen_20240615_chunk_aa.tar	100000238608830404563000561053135801800.npz	100000238608830404563000561053135801800	39305	0	174592
crispr_screen_20240615_chunk_aa.tar	100000251864987355764392889221243415948.npz	100000251864987355764392889221243415948	131842	0	214528
crispr_screen_20240615_chunk_aa.tar	100000364886166220073588621151611719403.npz	100000364886166220073588621151611719403	146901	0	347136
crispr_screen_20240615_chunk_aa.tar	100000489918494630920482672582203866452.npz	100000489918494630920482672582203866452	87602	0	494592
crispr_screen_20240615_chunk_aa.tar	100000830185540017450374120249317817068.npz	100000830185540017450374120249317817068	67630	0	583168
crispr_screen_20240615_chunk_aa.tar	100000943623197467400129996971617948926.npz	100000943623197467400129996971617948926	146320	0	651776
crispr_screen_20240615_chunk_aa.tar	100001002088337103064787413928026615920.npz	100001002088337103064787413928026615920	52242	0	798720
crispr_screen_20240615_chunk_aa.tar	100001212342975985766672256078858246231.npz	100001212342975985766672256078858246231	132698	0	851968
crispr_screen_20240615_chunk_aa.tar	100001414326317306961335389448996832749.npz	100001414326317306961335389448996832749	36421	0	985600
crispr_screen_20240615_chunk_aa.tar	100001546057789672196375941637678957774.npz	100001546057789672196375941637678957774	265143	0	1022976
crispr_screen_20240615_chunk_aa.tar	100001686499937634276896147819564186281.npz	100001686499937634276896147819564186281	32364	0	1288704
crispr_screen_20240615_chunk_aa.tar	10000193181701322695309738112087928187.npz	10000193181701322695309738112087928187	65831	0	1321984
crispr_screen_20240615_chunk_aa.tar	100001942800326932781211362742756254304.npz	100001942800326932781211362742756254304	42235	0	1388544
crispr_screen_20240615_chunk_aa.tar	100002086081481261348637268776090156999.npz	100002086081481261348637268776090156999	49244	0	1431552
crispr_screen_20240615_chunk_aa.tar	100002158983656557713946336365906233077.npz	100002158983656557713946336365906233077	49212	0	1481728
crispr_screen_20240615_chunk_aa.tar	100002171017808260700432409854902357432.npz	100002171017808260700432409854902357432	52503	0	1531904
crispr_screen_20240615_chunk_aa.tar	100002397297103439076661068531401716607.npz	100002397297103439076661068531401716607	137784	0	1585152
crispr_screen_20240615_chunk_aa.tar	10000240839447879029459481488857114886.npz	10000240839447879029459481488857114886	131470	0	1723904
crispr_screen_20240615_chunk_aa.tar	100002424758241549788675760516472008713.npz	100002424758241549788675760516472008713	125214	0	1856000
crispr_screen_20240615_chunk_aa.tar	100002458675617662638340714365486933795.npz	100002458675617662638340714365486933795	107046	0	1981952
crispr_screen_20240615_chunk_aa.tar	100002511045558835134046828010596331456.npz	100002511045558835134046828010596331456	39419	0	2089984
crispr_screen_20240615_chunk_aa.tar	100002870715850289911255154142104074127.npz	100002870715850289911255154142104074127	42797	0	2129920
crispr_screen_20240615_chunk_aa.tar	10000289466246380601229747508165581780.npz	10000289466246380601229747508165581780	95803	0	2173440
crispr_screen_20240615_chunk_aa.tar	100002960673790437723041482723357693510.npz	100002960673790437723041482723357693510	138787	0	2270208
crispr_screen_20240615_chunk_aa.tar	100003027898952803509924270657553326252.npz	100003027898952803509924270657553326252	63107	0	2409984
crispr_screen_20240615_chunk_aa.tar	100003049064775248614467463702953505066.npz	100003049064775248614467463702953505066	24260	0	2473984
crispr_screen_20240615_chunk_aa.tar	100003112720048605595248584699752045676.npz	100003112720048605595248584699752045676	120406	0	2499072
crispr_screen_20240615_chunk_aa.tar	100003277651897781476946303707042959002.npz	100003277651897781476946303707042959002	144295	0	2620416
crispr_screen_20240615_chunk_aa.tar	100003320877215734124514692699328271352.npz	100003320877215734124514692699328271352	143344	0	2765312
crispr_screen_20240615_chunk_aa.tar	100003389251074032727904745517953153678.npz	100003389251074032727904745517953153678	65405	0	2909184
crispr_screen_20240615_chunk_aa.tar	100003429739578604623239825990965088955.npz	100003429739578604623239825990965088955	111426	0	2975232
crispr_screen_20240615_chunk_aa.tar	100003459558940445565135610488267052561.npz	100003459558940445565135610488267052561	70544	0	3087360
crispr_screen_20240615_chunk_aa.tar	100003486526125897659587306706605922004.npz	100003486526125897659587306706605922004	30860	0	3158528
crispr_screen_20240615_chunk_aa.tar	10000349889778130142134577637526833787.npz	10000349889778130142134577637526833787	80542	0	3190272
crispr_screen_20240615_chunk_aa.tar	100003554384879077812133968924309181004.npz	100003554384879077812133968924309181004	56428	0	3271680
crispr_screen_20240615_chunk_aa.tar	10000364354944252219849670650128032337.npz	10000364354944252219849670650128032337	98957	0	3329024
crispr_screen_20240615_chunk_aa.tar	10000372391912158512952532434829519247.npz	10000372391912158512952532434829519247	130543	0	3428864
crispr_screen_20240615_chunk_aa.tar	100003958697753346287553430860590482365.npz	100003958697753346287553430860590482365	30865	0	3559936
crispr_screen_20240615_chunk_aa.tar	100003996867863374353090975861164666468.npz	100003996867863374353090975861164666468	41145	0	3591680
crispr_screen_20240615_chunk_aa.tar	100004093603218083395987529629627218794.npz	100004093603218083395987529629627218794	35655	0	3633664
crispr_screen_20240615_chunk_aa.tar	100004220403679107616573604705921750491.npz	100004220403679107616573604705921750491	32682	0	3670016
crispr_screen_20240615_chunk_aa.tar	100004246111585819627240225661609124958.npz	100004246111585819627240225661609124958	92437	0	3703296
crispr_screen_20240615_chunk_aa.tar	100004279595288822839739355432445001291.npz	100004279595288822839739355432445001291	32903	0	3796480
crispr_screen_20240615_chunk_aa.tar	100004284722487150007705335649499234108.npz	100004284722487150007705335649499234108	84684	0	3830272
crispr_screen_20240615_chunk_aa.tar	100004628962442287702495443205276670203.npz	100004628962442287702495443205276670203	59087	0	3915776
crispr_screen_20240615_chunk_aa.tar	100004645826117268675016650604129558791.npz	100004645826117268675016650604129558791	44798	0	3975680
crispr_screen_20240615_chunk_aa.tar	100004653440422905965557769650402026326.npz	100004653440422905965557769650402026326	100893	0	4021248
crispr_screen_20240615_chunk_aa.tar	100004686964922353514544703478806832257.npz	100004686964922353514544703478806832257	228161	0	4123136
crispr_screen_20240615_chunk_aa.tar	100004702246519701430070436306617900342.npz	100004702246519701430070436306617900342	59071	0	4352000
crispr_screen_20240615_chunk_aa.tar	100004761436817750476414225205255122436.npz	100004761436817750476414225205255122436	115785	0	4411904
crispr_screen_20240615_chunk_aa.tar	100004763032790803630307421192152978912.npz	100004763032790803630307421192152978912	75059	0	4528640
crispr_screen_20240615_chunk_aa.tar	10000480668496075050778621856604125580.npz	10000480668496075050778621856604125580	113227	0	4604416
crispr_screen_20240615_chunk_aa.tar	100004829287945001930541782679553851496.npz	100004829287945001930541782679553851496	96805	0	4718592
crispr_screen_20240615_chunk_aa.tar	100004912606572084843183117981499986362.npz	100004912606572084843183117981499986362	39814	0	4816384
crispr_screen_20240615_chunk_aa.tar	100004921498777590126241617683245993937.npz	100004921498777590126241617683245993937	49456	0	4856832
crispr_screen_20240615_chunk_aa.tar	100004927968884516180812724674590147350.npz	100004927968884516180812724674590147350	34892	0	4907008
crispr_screen_20240615_chunk_aa.tar	100004930599079124019461186544242350324.npz	100004930599079124019461186544242350324	127498	0	4942848
crispr_screen_20240615_chunk_aa.tar	100004941137534513192813404067853954446.npz	100004941137534513192813404067853954446	74000	0	5071360
crispr_screen_20240615_chunk_aa.tar	100004945668327351229362101698968345581.npz	100004945668327351229362101698968345581	142424	0	5146112
crispr_screen_20240615_chunk_aa.tar	100005031863998465741316556342417393670.npz	100005031863998465741316556342417393670	31669	0	5289472
crispr_screen_20240615_chunk_aa.tar	100005072117968983495813252227400440640.npz	100005072117968983495813252227400440640	101337	0	5321728
crispr_screen_20240615_chunk_aa.tar	100005142888432048774978767083215137164.npz	100005142888432048774978767083215137164	112794	0	5423616
crispr_screen_20240615_chunk_aa.tar	100005159197473624593483863237932648576.npz	100005159197473624593483863237932648576	93368	0	5537280
crispr_screen_20240615_chunk_aa.tar	100005295501902524100238575359553560759.npz	100005295501902524100238575359553560759	82167	0	5631488
crispr_screen_20240615_chunk_aa.tar	100005325940079669370896626843521759585.npz	100005325940079669370896626843521759585	118532	0	5714432
crispr_screen_20240615_chunk_aa.tar	100005356646571803284651920695785710292.npz	100005356646571803284651920695785710292	65406	0	5833728
crispr_screen_20240615_chunk_aa.tar	100005481289431478212907669527385944231.npz	100005481289431478212907669527385944231	38721	0	5899776
crispr_screen_20240615_chunk_aa.tar	100005490669699656910072122161500093988.npz	100005490669699656910072122161500093988	43770	0	5939200
crispr_screen_20240615_chunk_aa.tar	100005495969472082034380368121594193884.npz	100005495969472082034380368121594193884	77437	0	5983744
crispr_screen_20240615_chunk_aa.tar	100005524207782617286010162600440424331.npz	100005524207782617286010162600440424331	31101	0	6062080
crispr_screen_20240615_chunk_aa.tar	100005617558074949052926844287997467459.npz	100005617558074949052926844287997467459	69869	0	6093824
crispr_screen_20240615_chunk_aa.tar	100005727063523486556997823230702424582.npz	100005727063523486556997823230702424582	51375	0	6164480
crispr_screen_20240615_chunk_aa.tar	100005794615714840440956860864393629242.npz	100005794615714840440956860864393629242	36473	0	6216704
crispr_screen_20240615_chunk_aa.tar	10000604140000890038633130206577510168.npz	10000604140000890038633130206577510168	34653	0	6254080
crispr_screen_20240615_chunk_aa.tar	100006049407994513553817230411588167972.npz	100006049407994513553817230411588167972	121470	0	6289408
crispr_screen_20240615_chunk_aa.tar	100006201928993115343833623002409885682.npz	100006201928993115343833623002409885682	118135	0	6411776
crispr_screen_20240615_chunk_aa.tar	100006322326471535617078849432851610099.npz	100006322326471535617078849432851610099	49583	0	6530560
crispr_screen_20240615_chunk_aa.tar	10000646078981910652612372973924341232.npz	10000646078981910652612372973924341232	49668	0	6580736
crispr_screen_20240615_chunk_aa.tar	100006488338983110074038635549176769228.npz	100006488338983110074038635549176769228	151301	0	6631424
crispr_screen_20240615_chunk_aa.tar	100006553485023970643288368456852136997.npz	100006553485023970643288368456852136997	125196	0	6783488
crispr_screen_20240615_chunk_aa.tar	100006588413100858136456969530313966711.npz	100006588413100858136456969530313966711	47617	0	6909440
crispr_screen_20240615_chunk_aa.tar	100006598987390003416106352159769755515.npz	100006598987390003416106352159769755515	35612	0	6958080
crispr_screen_20240615_chunk_aa.tar	100006614603973384932407489972778892100.npz	100006614603973384932407489972778892100	37093	0	6994432
crispr_screen_20240615_chunk_aa.tar	100006724370292443706319118091415525663.npz	100006724370292443706319118091415525663	131162	0	7032320
crispr_screen_20240615_chunk_aa.tar	10000678704351213969717669019734072422.npz	10000678704351213969717669019734072422	77089	0	7164416
crispr_screen_20240615_chunk_aa.tar	100006811693529797434761619849331042800.npz	100006811693529797434761619849331042800	65227	0	7242240
crispr_screen_20240615_chunk_aa.tar	10000685611916442650244339468293933633.npz	10000685611916442650244339468293933633	65486	0	7308288
crispr_screen_20240615_chunk_aa.tar	100006871581339412063728835987028791830.npz	100006871581339412063728835987028791830	188292	0	7374336
crispr_screen_20240615_chunk_aa.tar	100006914510026839170263156793532808278.npz	100006914510026839170263156793532808278	70614	0	7563264
crispr_screen_20240615_chunk_aa.tar	100006927671238357598018907772966116028.npz	100006927671238357598018907772966116028	87378	0	7634432
crispr_screen_20240615_chunk_aa.tar	100006987701184940413570771373629689788.npz	100006987701184940413570771373629689788	144797	0	7722496
crispr_screen_20240615_chunk_aa.tar	10000700065195200077574035484028363076.npz	10000700065195200077574035484028363076	92181	0	7867904
crispr_screen_20240615_chunk_aa.tar	100007002719406857543794096191257833668.npz	100007002719406857543794096191257833668	39839	0	7961088
crispr_screen_20240615_chunk_aa.tar	100007020379033757816725197789809985915.npz	100007020379033757816725197789809985915	155142	0	8001536
crispr_screen_20240615_chunk_aa.tar	100007039994042605960496253822852605069.npz	100007039994042605960496253822852605069	119325	0	8157696
crispr_screen_20240615_chunk_aa.tar	100007047702475218710777274973851243450.npz	100007047702475218710777274973851243450	172916	0	8278016
crispr_screen_20240615_chunk_aa.tar	10000707131342444013400303020807480277.npz	10000707131342444013400303020807480277	102615	0	8451584
crispr_screen_20240615_chunk_aa.tar	100007107534368334036433042687900628482.npz	100007107534368334036433042687900628482	251001	0	8555008
crispr_screen_20240615_chunk_aa.tar	100007162384580364242349065511786412416.npz	100007162384580364242349065511786412416	52751	0	8806912
crispr_screen_20240615_chunk_aa.tar	100007194382881111039046901621000645009.npz	100007194382881111039046901621000645009	43938	0	8860672
crispr_screen_20240615_chunk_aa.tar	100007409421916472516539134949809317870.npz	100007409421916472516539134949809317870	37592	0	8905216
crispr_screen_20240615_chunk_aa.tar	10000753090018733464282955335826496672.npz	10000753090018733464282955335826496672	184858	0	8943616
crispr_screen_20240615_chunk_aa.tar	100007537768193442038497024086325876861.npz	100007537768193442038497024086325876861	101993	0	9129472
crispr_screen_20240615_chunk_aa.tar	100007882392153018279145054241673810245.npz	100007882392153018279145054241673810245	170559	0	9232384
crispr_screen_20240615_chunk_aa.tar	100007968895515086790852522551758786144.npz	100007968895515086790852522551758786144	233161	0	9403904
crispr_screen_20240615_chunk_aa.tar	10000799854995326627388994417293517040.npz	10000799854995326627388994417293517040	43692	0	9637888
crispr_screen_20240615_chunk_aa.tar	100008053393405793615195940836834697424.npz	100008053393405793615195940836834697424	41965	0	9682432
crispr_screen_20240615_chunk_aa.tar	100008401979805900642629775665074401486.npz	100008401979805900642629775665074401486	132494	0	9724928
crispr_screen_20240615_chunk_aa.tar	100008444703147656072196371879539100813.npz	100008444703147656072196371879539100813	166433	0	9858048
crispr_screen_20240615_chunk_aa.tar	100008524177720657291995429952177060920.npz	100008524177720657291995429952177060920	96159	0	10025472
crispr_screen_20240615_chunk_aa.tar	100008799985735966852879028189419539612.npz	100008799985735966852879028189419539612	91860	0	10122240
crispr_screen_20240615_chunk_aa.tar	100008898996781084541788985630457571180.npz	100008898996781084541788985630457571180	47542	0	10214912
crispr_screen_20240615_chunk_aa.tar	100008952628093712740883477756467209373.npz	100008952628093712740883477756467209373	25826	0	10263040
crispr_screen_20240615_chunk_aa.tar	100008963755363727131808301000906995100.npz	100008963755363727131808301000906995100	25544	0	10289664
crispr_screen_20240615_chunk_aa.tar	100008995719386548959516765585196937153.npz	100008995719386548959516765585196937153	53497	0	10315776
crispr_screen_20240615_chunk_aa.tar	100009103932430530930061675698666471571.npz	100009103932430530930061675698666471571	65627	0	10370048
crispr_screen_20240615_chunk_aa.tar	100009114434550476638837402313364395916.npz	100009114434550476638837402313364395916	53137	0	10436608
crispr_screen_20240615_chunk_aa.tar	100009170756610327733653597954292773900.npz	100009170756610327733653597954292773900	61492	0	10490368
crispr_screen_20240615_chunk_aa.tar	100009244962291722178684715914814025811.npz	100009244962291722178684715914814025811	30842	0	10552832
crispr_screen_20240615_chunk_aa.tar	100009346198714270965727849602737770043.npz	100009346198714270965727849602737770043	64260	0	10584576
crispr_screen_20240615_chunk_aa.tar	100009392078670171687407627291244787017.npz	100009392078670171687407627291244787017	61203	0	10649600
crispr_screen_20240615_chunk_aa.tar	100009425669132232829197155136622496371.npz	100009425669132232829197155136622496371	141523	0	10711552
crispr_screen_20240615_chunk_aa.tar	100009573876370338309003552105292103618.npz	100009573876370338309003552105292103618	76151	0	10853888
crispr_screen_20240615_chunk_aa.tar	100009642905557077908909108161665339830.npz	100009642905557077908909108161665339830	46458	0	10930688
crispr_screen_20240615_chunk_aa.tar	100009679694356981732187138941235306099.npz	100009679694356981732187138941235306099	204155	0	10977792
crispr_screen_20240615_chunk_aa.tar	100009736071493074636160914218005526015.npz	100009736071493074636160914218005526015	197796	0	11182592
crispr_screen_20240615_chunk_aa.tar	100009796346933829590716281741743231553.npz	100009796346933829590716281741743231553	74052	0	11381248
crispr_screen_20240615_chunk_aa.tar	100009974397588971659627316969158565961.npz	100009974397588971659627316969158565961	80898	0	11456000
crispr_screen_20240615_chunk_aa.tar	100010019825992933928661710990777295807.npz	100010019825992933928661710990777295807	52373	0	11537920
crispr_screen_20240615_chunk_aa.tar	100010087047670026770463702294916361521.npz	100010087047670026770463702294916361521	160070	0	11591168
crispr_screen_20240615_chunk_aa.tar	100010110596564489035038237285168829130.npz	100010110596564489035038237285168829130	71974	0	11751936
crispr_screen_20240615_chunk_aa.tar	100010146829062654230078925603394544260.npz	100010146829062654230078925603394544260	87562	0	11824640
crispr_screen_20240615_chunk_aa.tar	100010147267600493117221576448501154456.npz	100010147267600493117221576448501154456	59613	0	11913216
crispr_screen_20240615_chunk_aa.tar	100010151835258304250121355431418727674.npz	100010151835258304250121355431418727674	105542	0	11973632
crispr_screen_20240615_chunk_aa.tar	100010414184407566323058177269778732811.npz	100010414184407566323058177269778732811	190626	0	12080128
crispr_screen_20240615_chunk_aa.tar	100010425599527669436327736177207678706.npz	100010425599527669436327736177207678706	24670	0	12271616
crispr_screen_20240615_chunk_aa.tar	10001061918926768954970977187147232.npz	10001061918926768954970977187147232	110213	0	12297216
crispr_screen_20240615_chunk_aa.tar	100010682556771085754558272561538514139.npz	100010682556771085754558272561538514139	31847	0	12408320
crispr_screen_20240615_chunk_aa.tar	100010734749497001861041198213183603544.npz	100010734749497001861041198213183603544	23947	0	12441088
crispr_screen_20240615_chunk_aa.tar	100010771462952984876839087039339177239.npz	100010771462952984876839087039339177239	41625	0	12465664
crispr_screen_20240615_chunk_aa.tar	100010834563349881542966070366284863160.npz	100010834563349881542966070366284863160	65987	0	12508160
crispr_screen_20240615_chunk_aa.tar	100010854353980565311074244771640580553.npz	100010854353980565311074244771640580553	41132	0	12574720
crispr_screen_20240615_chunk_aa.tar	100011076416555756448978109056467050282.npz	100011076416555756448978109056467050282	60718	0	12616704
crispr_screen_20240615_chunk_aa.tar	100011137657360099651359825725895929144.npz	100011137657360099651359825725895929144	294771	0	12678144
crispr_screen_20240615_chunk_aa.tar	100011145426351398821628197661897156565.npz	100011145426351398821628197661897156565	110743	0	12973568
crispr_screen_20240615_chunk_aa.tar	100011216008488043674801478617225929900.npz	100011216008488043674801478617225929900	49227	0	13085184
crispr_screen_20240615_chunk_aa.tar	100011319778920624935837578045694367883.npz	100011319778920624935837578045694367883	38932	0	13135360
crispr_screen_20240615_chunk_aa.tar	100011444041435257886659177387411703333.npz	100011444041435257886659177387411703333	48763	0	13175296
crispr_screen_20240615_chunk_aa.tar	100011577789278629045207823069569946564.npz	100011577789278629045207823069569946564	132771	0	13224960
crispr_screen_20240615_chunk_aa.tar	10001162659065479290246461621167267160.npz	10001162659065479290246461621167267160	54916	0	13358592
crispr_screen_20240615_chunk_aa.tar	100011709390942576740446733283433326156.npz	100011709390942576740446733283433326156	73219	0	13414400
crispr_screen_20240615_chunk_aa.tar	100011710159314056787969566588043777646.npz	100011710159314056787969566588043777646	108835	0	13488640
crispr_screen_20240615_chunk_aa.tar	100011737640477956205484830097441191458.npz	100011737640477956205484830097441191458	79298	0	13598208
crispr_screen_20240615_chunk_aa.tar	100011761959338563258144612461327612688.npz	100011761959338563258144612461327612688	80952	0	13678080
crispr_screen_20240615_chunk_aa.tar	100011915922457508358250864893343530541.npz	100011915922457508358250864893343530541	39230	0	13760000
crispr_screen_20240615_chunk_aa.tar	100011933151463804476482349834909642964.npz	100011933151463804476482349834909642964	74077	0	13799936
crispr_screen_20240615_chunk_aa.tar	100012005663794325685758684425319344506.npz	100012005663794325685758684425319344506	84648	0	13874688
crispr_screen_20240615_chunk_aa.tar	100012022585665838318223339815230169176.npz	100012022585665838318223339815230169176	178242	0	13960192
crispr_screen_20240615_chunk_aa.tar	100012093147277267301720992345843698429.npz	100012093147277267301720992345843698429	47577	0	14139392
crispr_screen_20240615_chunk_aa.tar	100012160041654568219510471384215389287.npz	100012160041654568219510471384215389287	84032	0	14187520
crispr_screen_20240615_chunk_aa.tar	100012189725729184691109968392504606939.npz	100012189725729184691109968392504606939	34900	0	14272512
crispr_screen_20240615_chunk_aa.tar	100012222845927539782539907073311422199.npz	100012222845927539782539907073311422199	164386	0	14308352
crispr_screen_20240615_chunk_aa.tar	100012283284992772971832138335793318652.npz	100012283284992772971832138335793318652	27974	0	14473728
crispr_screen_20240615_chunk_aa.tar	100012397571941216234736872418515213794.npz	100012397571941216234736872418515213794	49590	0	14502400
crispr_screen_20240615_chunk_aa.tar	100012403111108767477847305655354236766.npz	100012403111108767477847305655354236766	99338	0	14552576
crispr_screen_20240615_chunk_aa.tar	100012432159439460357115595645445061055.npz	100012432159439460357115595645445061055	27331	0	14652928
crispr_screen_20240615_chunk_aa.tar	10001266910355580789018995322216312981.npz	10001266910355580789018995322216312981	44888	0	14681088
crispr_screen_20240615_chunk_aa.tar	100012705067348118728152040843939165847.npz	100012705067348118728152040843939165847	155745	0	14726656
crispr_screen_20240615_chunk_aa.tar	100012733786594693947387509587453937475.npz	100012733786594693947387509587453937475	77287	0	14883328
crispr_screen_20240615_chunk_aa.tar	10001278403243471606145922596850176415.npz	10001278403243471606145922596850176415	58326	0	14961152
crispr_screen_20240615_chunk_aa.tar	100013015815236891995280814510830957225.npz	100013015815236891995280814510830957225	148498	0	15020032
crispr_screen_20240615_chunk_aa.tar	100013026482557725660037782282423880981.npz	100013026482557725660037782282423880981	53386	0	15169536
crispr_screen_20240615_chunk_aa.tar	100013163619032218371688119169155016435.npz	100013163619032218371688119169155016435	169447	0	15223808
crispr_screen_20240615_chunk_aa.tar	10001329241876947779567795431864291523.npz	10001329241876947779567795431864291523	43562	0	15393792
crispr_screen_20240615_chunk_aa.tar	100013390898977124618307465215276742914.npz	100013390898977124618307465215276742914	171842	0	15438336
crispr_screen_20240615_chunk_aa.tar	100013427825976544881410587782515605388.npz	100013427825976544881410587782515605388	45700	0	15610880
crispr_screen_20240615_chunk_aa.tar	100013534144798134647320379738322596670.npz	100013534144798134647320379738322596670	170587	0	15657472
crispr_screen_20240615_chunk_aa.tar	10001362435077562641147983577307950612.npz	10001362435077562641147983577307950612	97971	0	15828992
crispr_screen_20240615_chunk_aa.tar	100013677936781689689658766811108218479.npz	100013677936781689689658766811108218479	58262	0	15927808
crispr_screen_20240615_chunk_aa.tar	100013700984142426348193627173189755437.npz	100013700984142426348193627173189755437	63184	0	15986688
crispr_screen_20240615_chunk_aa.tar	100013767805761772577740186567265478063.npz	100013767805761772577740186567265478063	34362	0	16050688
crispr_screen_20240615_chunk_aa.tar	100013770252816204573362188749221747912.npz	100013770252816204573362188749221747912	42687	0	16086016
crispr_screen_20240615_chunk_aa.tar	100013786878535891738964914527483027901.npz	100013786878535891738964914527483027901	72034	0	16129536
crispr_screen_20240615_chunk_aa.tar	100014021619416034182442739915001604875.npz	100014021619416034182442739915001604875	89892	0	16202240
crispr_screen_20240615_chunk_aa.tar	100014249053714107735973430065814095140.npz	100014249053714107735973430065814095140	71723	0	16292864
crispr_screen_20240615_chunk_aa.tar	100014261461853067129524594088740963201.npz	100014261461853067129524594088740963201	230798	0	16365568
crispr_screen_20240615_chunk_aa.tar	10001428034402753523709306660152129073.npz	10001428034402753523709306660152129073	130297	0	16596992
crispr_screen_20240615_chunk_aa.tar	100014307692939041854787356189139181369.npz	100014307692939041854787356189139181369	179760	0	16728064
crispr_screen_20240615_chunk_aa.tar	100014332803704035570059314983940793016.npz	100014332803704035570059314983940793016	76553	0	16908800
crispr_screen_20240615_chunk_aa.tar	10001435142458604597140730977356517741.npz	10001435142458604597140730977356517741	39717	0	16986112
crispr_screen_20240615_chunk_aa.tar	100014438714073156453734892733885053509.npz	100014438714073156453734892733885053509	93049	0	17026560
crispr_screen_20240615_chunk_aa.tar	100014586510368331782531154657174036410.npz	100014586510368331782531154657174036410	33717	0	17120256
crispr_screen_20240615_chunk_aa.tar	10001464382823567694384154604442278217.npz	10001464382823567694384154604442278217	89605	0	17154560
crispr_screen_20240615_chunk_aa.tar	100014649387214390370611648815708246019.npz	100014649387214390370611648815708246019	108238	0	17245184
crispr_screen_20240615_chunk_aa.tar	100014761166900222958299032754533238602.npz	100014761166900222958299032754533238602	73117	0	17354240
crispr_screen_20240615_chunk_aa.tar	100014803588527895096226133378067439252.npz	100014803588527895096226133378067439252	193231	0	17427968
crispr_screen_20240615_chunk_aa.tar	100014850100220056950115501414497967558.npz	100014850100220056950115501414497967558	79389	0	17622016
crispr_screen_20240615_chunk_aa.tar	1000148573374888171871800656810402962.npz	1000148573374888171871800656810402962	106756	0	17702400
crispr_screen_20240615_chunk_aa.tar	100015002250779562922937192041581680196.npz	100015002250779562922937192041581680196	320259	0	17809920
crispr_screen_20240615_chunk_aa.tar	100015048349594492649061473675644515552.npz	100015048349594492649061473675644515552	37719	0	18130944
crispr_screen_20240615_chunk_aa.tar	100015075275382789656402762753687679383.npz	100015075275382789656402762753687679383	115294	0	18169344
crispr_screen_20240615_chunk_aa.tar	10001521629854367986533440418459448458.npz	10001521629854367986533440418459448458	203754	0	18285568
crispr_screen_20240615_chunk_aa.tar	100015280464283984979040885463204773383.npz	100015280464283984979040885463204773383	32242	0	18489856
crispr_screen_20240615_chunk_aa.tar	100015294242532465956341708416037417173.npz	100015294242532465956341708416037417173	32631	0	18522624
crispr_screen_20240615_chunk_aa.tar	10001542579100219827597629868906632901.npz	10001542579100219827597629868906632901	102933	0	18555904
crispr_screen_20240615_chunk_aa.tar	100015472971483197801359850960575433115.npz	100015472971483197801359850960575433115	56617	0	18659840
crispr_screen_20240615_chunk_aa.tar	100015674152211480022042939527256313331.npz	100015674152211480022042939527256313331	230924	0	18717184
crispr_screen_20240615_chunk_aa.tar	100015760450312373918389880951097830575.npz	100015760450312373918389880951097830575	56031	0	18949120
crispr_screen_20240615_chunk_aa.tar	100015779117066368265816556499499302814.npz	100015779117066368265816556499499302814	70958	0	19005952
crispr_screen_20240615_chunk_aa.tar	100015801576364553062788821687980642494.npz	100015801576364553062788821687980642494	56337	0	19077632
crispr_screen_20240615_chunk_aa.tar	100015822877544365233715073998752934068.npz	100015822877544365233715073998752934068	150197	0	19134976
crispr_screen_20240615_chunk_aa.tar	100015831087625595135721491610692548060.npz	100015831087625595135721491610692548060	50467	0	19286016
crispr_screen_20240615_chunk_aa.tar	100015844641110564595134266472789430399.npz	100015844641110564595134266472789430399	90537	0	19337216
crispr_screen_20240615_chunk_aa.tar	10001611392403001454657812610676980475.npz	10001611392403001454657812610676980475	98383	0	19428352
crispr_screen_20240615_chunk_aa.tar	100016317475556980386830826750281481397.npz	100016317475556980386830826750281481397	60176	0	19527680
crispr_screen_20240615_chunk_aa.tar	100016369052508026466475758548740801855.npz	100016369052508026466475758548740801855	34921	0	19588608
crispr_screen_20240615_chunk_aa.tar	100016415557979036981645542683501620706.npz	100016415557979036981645542683501620706	121043	0	19624448
crispr_screen_20240615_chunk_aa.tar	10001644321610511593206973650734550679.npz	10001644321610511593206973650734550679	144033	0	19746304
crispr_screen_20240615_chunk_aa.tar	100016488328120297969930260694262559701.npz	100016488328120297969930260694262559701	46544	0	19891200
crispr_screen_20240615_chunk_aa.tar	100016586806188776224082697519486521852.npz	100016586806188776224082697519486521852	62275	0	19938304
crispr_screen_20240615_chunk_aa.tar	100016623114987003362809035382314879338.npz	100016623114987003362809035382314879338	140946	0	20001280
crispr_screen_20240615_chunk_aa.tar	100016637455384778747454884208144003452.npz	100016637455384778747454884208144003452	80404	0	20143104
crispr_screen_20240615_chunk_aa.tar	100016695242371433100998420397987769874.npz	100016695242371433100998420397987769874	76992	0	20224512
crispr_screen_20240615_chunk_aa.tar	100016868345161581429407995430039121084.npz	100016868345161581429407995430039121084	208018	0	20302336
crispr_screen_20240615_chunk_aa.tar	10001691708280834931079805251045240175.npz	10001691708280834931079805251045240175	205048	0	20511232
crispr_screen_20240615_chunk_aa.tar	100016976047528660241998003452530546435.npz	100016976047528660241998003452530546435	58497	0	20717056
crispr_screen_20240615_chunk_aa.tar	10001702001120019727404284088590433169.npz	10001702001120019727404284088590433169	45429	0	20776448
crispr_screen_20240615_chunk_aa.tar	10001713905622891393470555221764730332.npz	10001713905622891393470555221764730332	68383	0	20822528
crispr_screen_20240615_chunk_aa.tar	10001725138542145079410339673918798372.npz	10001725138542145079410339673918798372	101994	0	20891648
crispr_screen_20240615_chunk_aa.tar	100017253889883173533663300066811103059.npz	100017253889883173533663300066811103059	165651	0	20994560
crispr_screen_20240615_chunk_aa.tar	100017326143451662660375105107691368089.npz	100017326143451662660375105107691368089	162784	0	21160960
crispr_screen_20240615_chunk_aa.tar	100017360754988175571256877610101650620.npz	100017360754988175571256877610101650620	203949	0	21324288
crispr_screen_20240615_chunk_aa.tar	100017424819740419674017617405613260736.npz	100017424819740419674017617405613260736	137128	0	21529088
crispr_screen_20240615_chunk_aa.tar	100017731640340591721248164526884116613.npz	100017731640340591721248164526884116613	73426	0	21666816
crispr_screen_20240615_chunk_aa.tar	100017738564161020404627854784936769338.npz	100017738564161020404627854784936769338	42470	0	21741056
crispr_screen_20240615_chunk_aa.tar	100017880905377929251022713272972419114.npz	100017880905377929251022713272972419114	126210	0	21784064
crispr_screen_20240615_chunk_aa.tar	100017990554993282469443939995851246148.npz	100017990554993282469443939995851246148	26712	0	21911040
crispr_screen_20240615_chunk_aa.tar	100018008160131520274974428743483095092.npz	100018008160131520274974428743483095092	52797	0	21938688
crispr_screen_20240615_chunk_aa.tar	100018084970010809162459435727525754464.npz	100018084970010809162459435727525754464	72840	0	21992448
crispr_screen_20240615_chunk_aa.tar	100018131237168682459953584522420893905.npz	100018131237168682459953584522420893905	33060	0	22066176
crispr_screen_20240615_chunk_aa.tar	100018244668509496569642478982757739161.npz	100018244668509496569642478982757739161	32452	0	22099968
crispr_screen_20240615_chunk_aa.tar	100018348324792903292136167372464756244.npz	100018348324792903292136167372464756244	213619	0	22133248
crispr_screen_20240615_chunk_aa.tar	100018493599180626826327953669925231475.npz	100018493599180626826327953669925231475	205269	0	22347776
crispr_screen_20240615_chunk_aa.tar	100018705297150009497987448609309753782.npz	100018705297150009497987448609309753782	144694	0	22553600
crispr_screen_20240615_chunk_aa.tar	100018814022107584561226271879083196933.npz	100018814022107584561226271879083196933	77217	0	22699008
crispr_screen_20240615_chunk_aa.tar	100018843194818579791876207652249141577.npz	100018843194818579791876207652249141577	42975	0	22776832
crispr_screen_20240615_chunk_aa.tar	100018877104797334177447281385642261744.npz	100018877104797334177447281385642261744	42261	0	22820352
crispr_screen_20240615_chunk_aa.tar	100018887678825440610235014174993354150.npz	100018887678825440610235014174993354150	139015	0	22863360
crispr_screen_20240615_chunk_aa.tar	1000189363519732868050904391540653287.npz	1000189363519732868050904391540653287	36213	0	23003136
crispr_screen_20240615_chunk_aa.tar	100019016790591780439279982914312442372.npz	100019016790591780439279982914312442372	54929	0	23040000
crispr_screen_20240615_chunk_aa.tar	100019101571542816676698685154392826000.npz	100019101571542816676698685154392826000	172821	0	23095808
crispr_screen_20240615_chunk_aa.tar	100019179657689919941403831989300714622.npz	100019179657689919941403831989300714622	104045	0	23269376
crispr_screen_20240615_chunk_aa.tar	100019262481706789690714763691680505024.npz	100019262481706789690714763691680505024	50293	0	23374336
crispr_screen_20240615_chunk_aa.tar	10001931242661802014824775940606708078.npz	10001931242661802014824775940606708078	303614	0	23425536
crispr_screen_20240615_chunk_aa.tar	10001937959596371591850865199587121074.npz	10001937959596371591850865199587121074	51750	0	23729664
crispr_screen_20240615_chunk_aa.tar	100019403081317392740292084618963284412.npz	100019403081317392740292084618963284412	64292	0	23782400
crispr_screen_20240615_chunk_aa.tar	100019413704362494962183963533207988956.npz	100019413704362494962183963533207988956	76917	0	23847424
crispr_screen_20240615_chunk_aa.tar	1000194983531768604195812732616453370.npz	1000194983531768604195812732616453370	57015	0	23925248
crispr_screen_20240615_chunk_aa.tar	100019550890867223982979335502201095959.npz	100019550890867223982979335502201095959	151092	0	23983104
crispr_screen_20240615_chunk_aa.tar	100019594231488904328661142383638422670.npz	100019594231488904328661142383638422670	134845	0	24135168
crispr_screen_20240615_chunk_aa.tar	100019710683217272014786037652637786075.npz	100019710683217272014786037652637786075	77555	0	24270848
crispr_screen_20240615_chunk_aa.tar	100019767572830405589453676042069109161.npz	100019767572830405589453676042069109161	111130	0	24349184
crispr_screen_20240615_chunk_aa.tar	100019824011632576663631128299312629405.npz	100019824011632576663631128299312629405	40011	0	24461312
crispr_screen_20240615_chunk_aa.tar	100019896956588104777678287371130295701.npz	100019896956588104777678287371130295701	69851	0	24502272
crispr_screen_20240615_chunk_aa.tar	100019903544698305539634205990968945782.npz	100019903544698305539634205990968945782	149067	0	24572928
crispr_screen_20240615_chunk_aa.tar	10001992652894686979913326440206580792.npz	10001992652894686979913326440206580792	121783	0	24722944
crispr_screen_20240615_chunk_aa.tar	100020001350302966787384554564353601325.npz	100020001350302966787384554564353601325	116556	0	24845312
crispr_screen_20240615_chunk_aa.tar	100020054244448852262108128671132622979.npz	100020054244448852262108128671132622979	54703	0	24962560
crispr_screen_20240615_chunk_aa.tar	100020083819903875224511038532191766369.npz	100020083819903875224511038532191766369	227254	0	25017856
crispr_screen_20240615_chunk_aa.tar	10002025031216384865590431647405015471.npz	10002025031216384865590431647405015471	34442	0	25245696
crispr_screen_20240615_chunk_aa.tar	10002025967171567664057530844143343359.npz	10002025967171567664057530844143343359	32931	0	25281024
crispr_screen_20240615_chunk_aa.tar	10002030718502692217264479632936672541.npz	10002030718502692217264479632936672541	131359	0	25314816
crispr_screen_20240615_chunk_aa.tar	100020313264324071331640244910566551907.npz	100020313264324071331640244910566551907	46328	0	25446912
crispr_screen_20240615_chunk_aa.tar	100020450088963371788149593050743578673.npz	100020450088963371788149593050743578673	117710	0	25494016
crispr_screen_20240615_chunk_aa.tar	100020451142637733999713350190794352527.npz	100020451142637733999713350190794352527	110614	0	25612288
crispr_screen_20240615_chunk_aa.tar	100020551448754371311440331108559546927.npz	100020551448754371311440331108559546927	70559	0	25723904
crispr_screen_20240615_chunk_aa.tar	100020773698703450364499387670474689325.npz	100020773698703450364499387670474689325	60788	0	25795072
crispr_screen_20240615_chunk_aa.tar	100020787218759190058663689599475482988.npz	100020787218759190058663689599475482988	25892	0	25856512
crispr_screen_20240615_chunk_aa.tar	100020790757453095942406708933428370305.npz	100020790757453095942406708933428370305	182731	0	25883136
crispr_screen_20240615_chunk_aa.tar	100020904067530203522349835675121852841.npz	100020904067530203522349835675121852841	58355	0	26066432
crispr_screen_20240615_chunk_aa.tar	100020972860712926698226468920893286635.npz	100020972860712926698226468920893286635	48974	0	26125312
crispr_screen_20240615_chunk_aa.tar	100021005292911634188125414159276363629.npz	100021005292911634188125414159276363629	45950	0	26174976
crispr_screen_20240615_chunk_aa.tar	100021018402742611405064629342927031371.npz	100021018402742611405064629342927031371	247968	0	26221568
crispr_screen_20240615_chunk_aa.tar	100021019453907256160094007751537732033.npz	100021019453907256160094007751537732033	48409	0	26470400
crispr_screen_20240615_chunk_aa.tar	100021031081746229548967012916593693213.npz	100021031081746229548967012916593693213	35984	0	26519552
crispr_screen_20240615_chunk_aa.tar	100021114313788898220873124578974790047.npz	100021114313788898220873124578974790047	111814	0	26556416
crispr_screen_20240615_chunk_aa.tar	100021182541850702501751623489122748829.npz	100021182541850702501751623489122748829	40841	0	26669056
crispr_screen_20240615_chunk_aa.tar	100021236428920060467096044326726131782.npz	100021236428920060467096044326726131782	29581	0	26710528
crispr_screen_20240615_chunk_aa.tar	100021254267872919931713839307625734118.npz	100021254267872919931713839307625734118	22377	0	26740736
crispr_screen_20240615_chunk_aa.tar	100021273923242937432244074791226528078.npz	100021273923242937432244074791226528078	56078	0	26763776
crispr_screen_20240615_chunk_aa.tar	100021310686735152583881660843309137354.npz	100021310686735152583881660843309137354	130844	0	26820608
crispr_screen_20240615_chunk_aa.tar	100021381977238223046827839896906136777.npz	100021381977238223046827839896906136777	100410	0	26952192
crispr_screen_20240615_chunk_aa.tar	100021427067290455507430118496546443071.npz	100021427067290455507430118496546443071	233023	0	27053568
crispr_screen_20240615_chunk_aa.tar	100021444909176203563288908972704483511.npz	100021444909176203563288908972704483511	172841	0	27287552
crispr_screen_20240615_chunk_aa.tar	100021449105898131233728862791786196959.npz	100021449105898131233728862791786196959	100379	0	27461120
crispr_screen_20240615_chunk_aa.tar	100021492638138142248622603872010415007.npz	100021492638138142248622603872010415007	132081	0	27562496
crispr_screen_20240615_chunk_aa.tar	100021601207355890804975323202504596990.npz	100021601207355890804975323202504596990	47269	0	27695104
crispr_screen_20240615_chunk_aa.tar	100021682339235665004502780963056399564.npz	100021682339235665004502780963056399564	36086	0	27743232
crispr_screen_20240615_chunk_aa.tar	100021691050038168888497857294486831553.npz	100021691050038168888497857294486831553	44976	0	27780096
crispr_screen_20240615_chunk_aa.tar	100021716357981420557445524401451053711.npz	100021716357981420557445524401451053711	31324	0	27825664
crispr_screen_20240615_chunk_aa.tar	100021722554023656165895120400262500302.npz	100021722554023656165895120400262500302	35692	0	27857920
crispr_screen_20240615_chunk_aa.tar	100021830657223402769960792278895450616.npz	100021830657223402769960792278895450616	327590	0	27894272
crispr_screen_20240615_chunk_aa.tar	100021836214559921498543227616430663807.npz	100021836214559921498543227616430663807	108246	0	28222464
crispr_screen_20240615_chunk_aa.tar	100022028450479877124560802026661091947.npz	100022028450479877124560802026661091947	32237	0	28331520
crispr_screen_20240615_chunk_aa.tar	100022035698917391472045286996061227358.npz	100022035698917391472045286996061227358	103705	0	28364288
crispr_screen_20240615_chunk_aa.tar	100022124188380124292828371235765913122.npz	100022124188380124292828371235765913122	36817	0	28468736
crispr_screen_20240615_chunk_aa.tar	100022166659081749155035478120876198620.npz	100022166659081749155035478120876198620	45440	0	28506112
crispr_screen_20240615_chunk_aa.tar	100022181423811317370955879631428593777.npz	100022181423811317370955879631428593777	105744	0	28552192
crispr_screen_20240615_chunk_aa.tar	100022295135541891779898856241871168157.npz	100022295135541891779898856241871168157	67829	0	28658688
crispr_screen_20240615_chunk_aa.tar	100022307630514382789558460122403488501.npz	100022307630514382789558460122403488501	156807	0	28727296
crispr_screen_20240615_chunk_aa.tar	100022384903124529140996532816904509914.npz	100022384903124529140996532816904509914	41881	0	28884992
crispr_screen_20240615_chunk_aa.tar	10002240609331133552947797678343823222.npz	10002240609331133552947797678343823222	36923	0	28927488
crispr_screen_20240615_chunk_aa.tar	100022455142305864945102060850377602092.npz	100022455142305864945102060850377602092	106420	0	28965376
crispr_screen_20240615_chunk_aa.tar	100022518140652523700256829414585900012.npz	100022518140652523700256829414585900012	137599	0	29072384
crispr_screen_20240615_chunk_aa.tar	100022591640094009801229452388165940516.npz	100022591640094009801229452388165940516	160745	0	29210624
crispr_screen_20240615_chunk_aa.tar	100022626873886391998361116417269987196.npz	100022626873886391998361116417269987196	37785	0	29371904
crispr_screen_20240615_chunk_aa.tar	100022641493692272094749703525654724659.npz	100022641493692272094749703525654724659	125747	0	29410304
crispr_screen_20240615_chunk_aa.tar	100022751195299942237367352200510108200.npz	100022751195299942237367352200510108200	42944	0	29536768
crispr_screen_20240615_chunk_aa.tar	10002279217705797072094737958533054566.npz	10002279217705797072094737958533054566	33490	0	29580288
crispr_screen_20240615_chunk_aa.tar	100022851024502566647745777681080989284.npz	100022851024502566647745777681080989284	34641	0	29614592
crispr_screen_20240615_chunk_aa.tar	100022910017055415322977845041416804991.npz	100022910017055415322977845041416804991	71181	0	29649920
crispr_screen_20240615_chunk_aa.tar	100022951391541816397904463377082540821.npz	100022951391541816397904463377082540821	197973	0	29722112
crispr_screen_20240615_chunk_aa.tar	100023066288891405490821883878980484440.npz	100023066288891405490821883878980484440	169468	0	29920768
crispr_screen_20240615_chunk_aa.tar	100023103032606754347892295992110682376.npz	100023103032606754347892295992110682376	36650	0	30090752
crispr_screen_20240615_chunk_aa.tar	100023198756592345356973825191007865809.npz	100023198756592345356973825191007865809	44289	0	30128128
crispr_screen_20240615_chunk_aa.tar	100023326930831888927884637463987000968.npz	100023326930831888927884637463987000968	34968	0	30173184
crispr_screen_20240615_chunk_aa.tar	100023384963093830446485103552997625496.npz	100023384963093830446485103552997625496	46196	0	30209024
crispr_screen_20240615_chunk_aa.tar	100023462491562267235538157768340697998.npz	100023462491562267235538157768340697998	30737	0	30256128
crispr_screen_20240615_chunk_aa.tar	100023471773877310736703751675542767589.npz	100023471773877310736703751675542767589	52946	0	30287872
crispr_screen_20240615_chunk_aa.tar	100023481286855328051150578312834520005.npz	100023481286855328051150578312834520005	175237	0	30341632
crispr_screen_20240615_chunk_aa.tar	100023581766993212904881650189797076098.npz	100023581766993212904881650189797076098	70199	0	30517760
crispr_screen_20240615_chunk_aa.tar	10002360248588285878884634659043651824.npz	10002360248588285878884634659043651824	36956	0	30588928
crispr_screen_20240615_chunk_aa.tar	100023628456384170361716463746681728404.npz	100023628456384170361716463746681728404	203048	0	30626816
crispr_screen_20240615_chunk_aa.tar	100023777572298046268890699236076677563.npz	100023777572298046268890699236076677563	24048	0	30830592
crispr_screen_20240615_chunk_aa.tar	100023821210417006018004471705534401150.npz	100023821210417006018004471705534401150	41304	0	30855168
crispr_screen_20240615_chunk_aa.tar	100023858436603860976845254420941907257.npz	100023858436603860976845254420941907257	127798	0	30897152
crispr_screen_20240615_chunk_aa.tar	10002400201564084767188526001762138960.npz	10002400201564084767188526001762138960	131773	0	31025664
crispr_screen_20240615_chunk_aa.tar	10002401845518183472311388026603808177.npz	10002401845518183472311388026603808177	106354	0	31158272
crispr_screen_20240615_chunk_aa.tar	100024255159492431753841332702449948700.npz	100024255159492431753841332702449948700	66883	0	31265280
crispr_screen_20240615_chunk_aa.tar	100024363710440811701732899923659031492.npz	100024363710440811701732899923659031492	132254	0	31332864
crispr_screen_20240615_chunk_aa.tar	100024427759681378931183080245044297908.npz	100024427759681378931183080245044297908	171912	0	31465984
crispr_screen_20240615_chunk_aa.tar	100024591689431296395806763347650733010.npz	100024591689431296395806763347650733010	165133	0	31638528
crispr_screen_20240615_chunk_aa.tar	100024657027391572923097590616769561139.npz	100024657027391572923097590616769561139	124751	0	31804416
crispr_screen_20240615_chunk_aa.tar	100024660370605836447579352870979102398.npz	100024660370605836447579352870979102398	73740	0	31929856
crispr_screen_20240615_chunk_aa.tar	100024736711831739816917745555230467697.npz	100024736711831739816917745555230467697	38516	0	32004608
crispr_screen_20240615_chunk_aa.tar	100024774302535049247055897545980021042.npz	100024774302535049247055897545980021042	54888	0	32044032
crispr_screen_20240615_chunk_aa.tar	100024777896131145633758069672875005914.npz	100024777896131145633758069672875005914	23396	0	32099840
crispr_screen_20240615_chunk_aa.tar	100024836739888157061063663298874651002.npz	100024836739888157061063663298874651002	90474	0	32123904
crispr_screen_20240615_chunk_aa.tar	100024965986771320151058035285154270208.npz	100024965986771320151058035285154270208	128704	0	32215040
crispr_screen_20240615_chunk_aa.tar	100024996180934039021132987761491944378.npz	100024996180934039021132987761491944378	41312	0	32344576
crispr_screen_20240615_chunk_aa.tar	100025023402687866906105290801628462683.npz	100025023402687866906105290801628462683	123544	0	32386560
crispr_screen_20240615_chunk_aa.tar	100025026942132521461120909837852628687.npz	100025026942132521461120909837852628687	47154	0	32510976
crispr_screen_20240615_chunk_aa.tar	100025044946576505347060952458684883256.npz	100025044946576505347060952458684883256	102564	0	32559104
crispr_screen_20240615_chunk_aa.tar	100025052134276420682016212492833667783.npz	100025052134276420682016212492833667783	158656	0	32662528
crispr_screen_20240615_chunk_aa.tar	100025177520141847191305646896932720397.npz	100025177520141847191305646896932720397	95548	0	32821760
crispr_screen_20240615_chunk_aa.tar	10002519499855784242106552354562370114.npz	10002519499855784242106552354562370114	241263	0	32918016
crispr_screen_20240615_chunk_aa.tar	100025405348338190232845687865450084327.npz	100025405348338190232845687865450084327	189805	0	33160192
crispr_screen_20240615_chunk_aa.tar	10002543550111177539011071356299610445.npz	10002543550111177539011071356299610445	45998	0	33350656
crispr_screen_20240615_chunk_aa.tar	100025445385229152099403973248391236062.npz	100025445385229152099403973248391236062	25095	0	33397248
crispr_screen_20240615_chunk_aa.tar	100025483841552377718294601005833979851.npz	100025483841552377718294601005833979851	52058	0	33423360
crispr_screen_20240615_chunk_aa.tar	100025508111484163295439368048978068808.npz	100025508111484163295439368048978068808	154899	0	33476096
crispr_screen_20240615_chunk_ab.tar	107366182406032783498487899482356032406.npz	107366182406032783498487899482356032406	51187	0	0
crispr_screen_20240615_chunk_ab.tar	107366211509952279678964912071728032839.npz	107366211509952279678964912071728032839	46586	0	51712
crispr_screen_20240615_chunk_ab.tar	107366213962818053155443472044532563579.npz	107366213962818053155443472044532563579	38508	0	98816
crispr_screen_20240615_chunk_ab.tar	107366250177193184968428752635218232866.npz	107366250177193184968428752635218232866	66879	0	138240
crispr_screen_20240615_chunk_ab.tar	107366265183977478013977392915952745365.npz	107366265183977478013977392915952745365	56337	0	205824
crispr_screen_20240615_chunk_ab.tar	107366265489743804511234992479324071691.npz	107366265489743804511234992479324071691	191067	0	263168
crispr_screen_20240615_chunk_ab.tar	107366299267513213996080250274407718323.npz	107366299267513213996080250274407718323	98264	0	455168
crispr_screen_20240615_chunk_ab.tar	107366405979926072408113410920028757912.npz	107366405979926072408113410920028757912	68710	0	553984
crispr_screen_20240615_chunk_ab.tar	107366484835687401481483200728745529185.npz	107366484835687401481483200728745529185	114226	0	623616
crispr_screen_20240615_chunk_ab.tar	107366533123031706505103155393395003212.npz	107366533123031706505103155393395003212	53562	0	738816
crispr_screen_20240615_chunk_ab.tar	107366545969953878013340245382719046064.npz	107366545969953878013340245382719046064	54604	0	793088
crispr_screen_20240615_chunk_ab.tar	107366552357441632517159964545657623616.npz	107366552357441632517159964545657623616	86581	0	848384
crispr_screen_20240615_chunk_ab.tar	107366607687263532062191397470172771142.npz	107366607687263532062191397470172771142	192117	0	935936
crispr_screen_20240615_chunk_ab.tar	107366639102725402676934476534277017929.npz	107366639102725402676934476534277017929	131351	0	1128960
crispr_screen_20240615_chunk_ab.tar	107366901440403228760463012614877915961.npz	107366901440403228760463012614877915961	36656	0	1261056
crispr_screen_20240615_chunk_ab.tar	107367218179825075923961122433194807069.npz	107367218179825075923961122433194807069	47887	0	1298432
crispr_screen_20240615_chunk_ab.tar	107367299814278299032819058952633675349.npz	107367299814278299032819058952633675349	37385	0	1347072
crispr_screen_20240615_chunk_ab.tar	107367394199047243710682267795646268805.npz	107367394199047243710682267795646268805	72791	0	1385472
crispr_screen_20240615_chunk_ab.tar	107367472303491401029671722486503101537.npz	107367472303491401029671722486503101537	35013	0	1459200
crispr_screen_20240615_chunk_ab.tar	107367548313354381934967422673703391886.npz	107367548313354381934967422673703391886	140661	0	1495040
crispr_screen_20240615_chunk_ab.tar	107367558808010422028604087708302281461.npz	107367558808010422028604087708302281461	94264	0	1636352
crispr_screen_20240615_chunk_ab.tar	107367565499497002955861331685043670880.npz	107367565499497002955861331685043670880	147651	0	1731584
crispr_screen_20240615_chunk_ab.tar	107367768904872448606341220354779174061.npz	107367768904872448606341220354779174061	119020	0	1880064
crispr_screen_20240615_chunk_ab.tar	107367795106966219430159571570602114020.npz	107367795106966219430159571570602114020	133085	0	1999872
crispr_screen_20240615_chunk_ab.tar	107367871086415015013909344953177831441.npz	107367871086415015013909344953177831441	116979	0	2133504
crispr_screen_20240615_chunk_ab.tar	10736787187718243054268425658757050807.npz	10736787187718243054268425658757050807	35504	0	2251264
crispr_screen_20240615_chunk_ab.tar	107367924109793871124367295653147129742.npz	107367924109793871124367295653147129742	79554	0	2287616
crispr_screen_20240615_chunk_ab.tar	107368049406689633467905407419452039353.npz	107368049406689633467905407419452039353	22406	0	2368000
crispr_screen_20240615_chunk_ab.tar	107368116608269537027647450807749658203.npz	107368116608269537027647450807749658203	62268	0	2391040
crispr_screen_20240615_chunk_ab.tar	107368155986490558688778648351036262549.npz	107368155986490558688778648351036262549	53809	0	2454016
crispr_screen_20240615_chunk_ab.tar	107368194673144377140512034690413180961.npz	107368194673144377140512034690413180961	81833	0	2508800
crispr_screen_20240615_chunk_ab.tar	107368407098428919485166493492451031138.npz	107368407098428919485166493492451031138	51413	0	2591232
crispr_screen_20240615_chunk_ab.tar	107368416874811355190362924719062202733.npz	107368416874811355190362924719062202733	35237	0	2643456
crispr_screen_20240615_chunk_ab.tar	107368484658319724024791314356450173401.npz	107368484658319724024791314356450173401	111352	0	2679296
crispr_screen_20240615_chunk_ab.tar	10736863452610183406809578939015641484.npz	10736863452610183406809578939015641484	29669	0	2791424
crispr_screen_20240615_chunk_ab.tar	107368840852832184166048350269422447681.npz	107368840852832184166048350269422447681	108951	0	2821632
crispr_screen_20240615_chunk_ab.tar	107368930297585707437649757786234826407.npz	107368930297585707437649757786234826407	155326	0	2931200
crispr_screen_20240615_chunk_ab.tar	107368964870107836727758086013206259482.npz	107368964870107836727758086013206259482	36814	0	3087360
crispr_screen_20240615_chunk_ab.tar	107369084891974256148644872383850831938.npz	107369084891974256148644872383850831938	34043	0	3124736
crispr_screen_20240615_chunk_ab.tar	107369098381854025109870379672525849402.npz	107369098381854025109870379672525849402	192212	0	3159552
crispr_screen_20240615_chunk_ab.tar	1073691250210913550633071344632208245.npz	1073691250210913550633071344632208245	50204	0	3352576
crispr_screen_20240615_chunk_ab.tar	107369284376238587126503506687383840226.npz	107369284376238587126503506687383840226	151884	0	3403776
crispr_screen_20240615_chunk_ab.tar	10736929525082287457523147703534144854.npz	10736929525082287457523147703534144854	163741	0	3556352
crispr_screen_20240615_chunk_ab.tar	107369310033891435016222169953107772258.npz	107369310033891435016222169953107772258	82050	0	3720704
crispr_screen_20240615_chunk_ab.tar	107369329843530063800043994132619487603.npz	107369329843530063800043994132619487603	104763	0	3803648
crispr_screen_20240615_chunk_ab.tar	107369381292008631410013808183055835609.npz	107369381292008631410013808183055835609	126587	0	3909120
crispr_screen_20240615_chunk_ab.tar	107369496887186433784442236565937928521.npz	107369496887186433784442236565937928521	38606	0	4036608
crispr_screen_20240615_chunk_ab.tar	107369575195137593116125951189838435992.npz	107369575195137593116125951189838435992	81039	0	4076032
crispr_screen_20240615_chunk_ab.tar	10736964164477316730149429833874477526.npz	10736964164477316730149429833874477526	32554	0	4157952
crispr_screen_20240615_chunk_ab.tar	107369658493551449457657394140948154256.npz	107369658493551449457657394140948154256	32310	0	4191232
crispr_screen_20240615_chunk_ab.tar	10736966897279564180162671243183461987.npz	10736966897279564180162671243183461987	269052	0	4224512
crispr_screen_20240615_chunk_ab.tar	107369789367050403765523685707792598874.npz	107369789367050403765523685707792598874	224509	0	4494336
crispr_screen_20240615_chunk_ab.tar	10736980977075238087047931541322831731.npz	10736980977075238087047931541322831731	77857	0	4719616
crispr_screen_20240615_chunk_ab.tar	107369827491756791762096344416679914925.npz	107369827491756791762096344416679914925	83991	0	4798464
crispr_screen_20240615_chunk_ab.tar	107369855540676992529256975375847977884.npz	107369855540676992529256975375847977884	34574	0	4883456
crispr_screen_20240615_chunk_ab.tar	107369921351114472124605377674606319881.npz	107369921351114472124605377674606319881	109798	0	4918784
crispr_screen_20240615_chunk_ab.tar	107369930192849719107516935598567072452.npz	107369930192849719107516935598567072452	148938	0	5029376
crispr_screen_20240615_chunk_ab.tar	107370001530962714848384152601074758513.npz	107370001530962714848384152601074758513	131704	0	5178880
crispr_screen_20240615_chunk_ab.tar	107370018687587034865202908162522769191.npz	107370018687587034865202908162522769191	48203	0	5311488
crispr_screen_20240615_chunk_ab.tar	107370118276973909409502573857387396721.npz	107370118276973909409502573857387396721	267801	0	5360640
crispr_screen_20240615_chunk_ab.tar	107370176525743541630692095029567859364.npz	107370176525743541630692095029567859364	37107	0	5629440
crispr_screen_20240615_chunk_ab.tar	107370278554787400161857704855019987042.npz	107370278554787400161857704855019987042	157867	0	5667328
crispr_screen_20240615_chunk_ab.tar	107370297142070247990025635829775171044.npz	107370297142070247990025635829775171044	55361	0	5826048
crispr_screen_20240615_chunk_ab.tar	107370361708045558889976319368778001716.npz	107370361708045558889976319368778001716	29535	0	5882368
crispr_screen_20240615_chunk_ab.tar	107370371038394844695335857524011138798.npz	107370371038394844695335857524011138798	86408	0	5912576
crispr_screen_20240615_chunk_ab.tar	107370401040259750880162516491537969475.npz	107370401040259750880162516491537969475	36897	0	5999616
crispr_screen_20240615_chunk_ab.tar	107370605834829912568979421424840975759.npz	107370605834829912568979421424840975759	150179	0	6037504
crispr_screen_20240615_chunk_ab.tar	107370677272380662723519906696838671534.npz	107370677272380662723519906696838671534	66091	0	6188544
crispr_screen_20240615_chunk_ab.tar	107370736911488776760886424770507933637.npz	107370736911488776760886424770507933637	82684	0	6255616
crispr_screen_20240615_chunk_ab.tar	107370753498682414211452003607614336153.npz	107370753498682414211452003607614336153	91785	0	6339072
crispr_screen_20240615_chunk_ab.tar	107370827892042310191494978685559284925.npz	107370827892042310191494978685559284925	46717	0	6431744
crispr_screen_20240615_chunk_ab.tar	10737088832961370102622729111507580544.npz	10737088832961370102622729111507580544	82691	0	6479360
crispr_screen_20240615_chunk_ab.tar	107370936015562899585610712574897415772.npz	107370936015562899585610712574897415772	35599	0	6562816
crispr_screen_20240615_chunk_ab.tar	107371004913732379851451657041701609149.npz	107371004913732379851451657041701609149	73029	0	6599168
crispr_screen_20240615_chunk_ab.tar	107371021684535265106093484190745823860.npz	107371021684535265106093484190745823860	79487	0	6672896
crispr_screen_20240615_chunk_ab.tar	107371246774789001527881353556199888920.npz	107371246774789001527881353556199888920	73889	0	6753280
crispr_screen_20240615_chunk_ab.tar	107371272176858036736293387707140641492.npz	107371272176858036736293387707140641492	99531	0	6828032
crispr_screen_20240615_chunk_ab.tar	107371290189513035895678218681872274677.npz	107371290189513035895678218681872274677	90238	0	6928384
crispr_screen_20240615_chunk_ab.tar	107371307486706407448220076340276988716.npz	107371307486706407448220076340276988716	216515	0	7019520
crispr_screen_20240615_chunk_ab.tar	107371327424326718821259635723942293056.npz	107371327424326718821259635723942293056	240355	0	7236608
crispr_screen_20240615_chunk_ab.tar	107371766666607660596509816656960510888.npz	107371766666607660596509816656960510888	27495	0	7477760
crispr_screen_20240615_chunk_ab.tar	107371923710605102129111983314249561889.npz	107371923710605102129111983314249561889	103483	0	7505920
crispr_screen_20240615_chunk_ab.tar	107371973918400572716547726876771770767.npz	107371973918400572716547726876771770767	139937	0	7610368
crispr_screen_20240615_chunk_ab.tar	107372017752643582903680826802492538508.npz	107372017752643582903680826802492538508	141947	0	7751168
crispr_screen_20240615_chunk_ab.tar	107372034576858036877420717749363794135.npz	107372034576858036877420717749363794135	146355	0	7894016
crispr_screen_20240615_chunk_ab.tar	107372039680355283072591411547527148347.npz	107372039680355283072591411547527148347	177600	0	8040960
crispr_screen_20240615_chunk_ab.tar	107372076182504330694915371225586682355.npz	107372076182504330694915371225586682355	25201	0	8219136
crispr_screen_20240615_chunk_ab.tar	107372099228455484212511972131749756757.npz	107372099228455484212511972131749756757	55042	0	8245248
crispr_screen_20240615_chunk_ab.tar	107372142308675800320751732610331939539.npz	107372142308675800320751732610331939539	58739	0	8301056
crispr_screen_20240615_chunk_ab.tar	107372254467880880579343216659490955000.npz	107372254467880880579343216659490955000	134610	0	8360448
crispr_screen_20240615_chunk_ab.tar	107372291977106258100969928535004870044.npz	107372291977106258100969928535004870044	35561	0	8495616
crispr_screen_20240615_chunk_ab.tar	10737230891306583074479076739703229666.npz	10737230891306583074479076739703229666	43189	0	8531968
crispr_screen_20240615_chunk_ab.tar	10737257699771001428969726777038379505.npz	10737257699771001428969726777038379505	130915	0	8576000
crispr_screen_20240615_chunk_ab.tar	107372658990097621867351852167192798831.npz	107372658990097621867351852167192798831	143529	0	8707584
crispr_screen_20240615_chunk_ab.tar	107372666686255962882851303748367224204.npz	107372666686255962882851303748367224204	56260	0	8851968
crispr_screen_20240615_chunk_ab.tar	107372710162117777639315102840522592480.npz	107372710162117777639315102840522592480	146637	0	8908800
crispr_screen_20240615_chunk_ab.tar	107372721361698452676368568607617143463.npz	107372721361698452676368568607617143463	73100	0	9056256
crispr_screen_20240615_chunk_ab.tar	107372735533706121887571046722468978033.npz	107372735533706121887571046722468978033	82504	0	9129984
crispr_screen_20240615_chunk_ab.tar	107372788840176757731471204836842912177.npz	107372788840176757731471204836842912177	124738	0	9213440
crispr_screen_20240615_chunk_ab.tar	107372799005510496952487437866657896743.npz	107372799005510496952487437866657896743	197870	0	9338880
crispr_screen_20240615_chunk_ab.tar	107372893292233164652940078814665185071.npz	107372893292233164652940078814665185071	128462	0	9537536
crispr_screen_20240615_chunk_ab.tar	107372900630076810145058606784552522184.npz	107372900630076810145058606784552522184	135839	0	9666560
crispr_screen_20240615_chunk_ab.tar	107372951483523248534221065051206344364.npz	107372951483523248534221065051206344364	48023	0	9803264
crispr_screen_20240615_chunk_ab.tar	107373007254554717139715833323613795851.npz	107373007254554717139715833323613795851	95153	0	9851904
crispr_screen_20240615_chunk_ab.tar	10737302893805332283990963503022873277.npz	10737302893805332283990963503022873277	124745	0	9947648
crispr_screen_20240615_chunk_ab.tar	107373034896128614172046141552635039763.npz	107373034896128614172046141552635039763	83450	0	10073088
crispr_screen_20240615_chunk_ab.tar	107373134971655978501486006882808291725.npz	107373134971655978501486006882808291725	37617	0	10157056
crispr_screen_20240615_chunk_ab.tar	107373185040294355746737946651842930378.npz	107373185040294355746737946651842930378	173991	0	10195456
crispr_screen_20240615_chunk_ab.tar	107373195922834274047340214708942815281.npz	107373195922834274047340214708942815281	56744	0	10370048
crispr_screen_20240615_chunk_ab.tar	107373274009080470616129141363305082884.npz	107373274009080470616129141363305082884	45910	0	10427392
crispr_screen_20240615_chunk_ab.tar	107373493730584124482192420800383230225.npz	107373493730584124482192420800383230225	156588	0	10473984
crispr_screen_20240615_chunk_ab.tar	107373507573687874523295950221727057628.npz	107373507573687874523295950221727057628	142408	0	10631168
crispr_screen_20240615_chunk_ab.tar	107373547862053564536844689194157027610.npz	107373547862053564536844689194157027610	162411	0	10774528
crispr_screen_20240615_chunk_ab.tar	107373607788780827213789441263121838178.npz	107373607788780827213789441263121838178	153114	0	10937856
crispr_screen_20240615_chunk_ab.tar	107373689264968760271386012660395999029.npz	107373689264968760271386012660395999029	125799	0	11091968
crispr_screen_20240615_chunk_ab.tar	10737384246733570932161066130689142226.npz	10737384246733570932161066130689142226	137124	0	11218432
crispr_screen_20240615_chunk_ab.tar	107373852693707178472993583683645139985.npz	107373852693707178472993583683645139985	115379	0	11356160
crispr_screen_20240615_chunk_ab.tar	107373870932839944243498195942090889418.npz	107373870932839944243498195942090889418	61405	0	11472384
crispr_screen_20240615_chunk_ab.tar	107374028659751112599007567508327910779.npz	107374028659751112599007567508327910779	188178	0	11534336
crispr_screen_20240615_chunk_ab.tar	107374045817912004580746210326431615774.npz	107374045817912004580746210326431615774	54459	0	11723264
crispr_screen_20240615_chunk_ab.tar	107374233283585911960891264073628996257.npz	107374233283585911960891264073628996257	118635	0	11778560
crispr_screen_20240615_chunk_ab.tar	107374291915826867639814603681450504007.npz	107374291915826867639814603681450504007	133083	0	11897856
crispr_screen_20240615_chunk_ab.tar	107374329272445869435064449856152935783.npz	107374329272445869435064449856152935783	101107	0	12031488
crispr_screen_20240615_chunk_ab.tar	1073743494202525212664151899089872735.npz	1073743494202525212664151899089872735	102198	0	12133376
crispr_screen_20240615_chunk_ab.tar	107374461181258017302741382170078405692.npz	107374461181258017302741382170078405692	46566	0	12236288
crispr_screen_20240615_chunk_ab.tar	107374497030179687395940489049609216765.npz	107374497030179687395940489049609216765	30625	0	12283392
crispr_screen_20240615_chunk_ab.tar	10737455211469821439498141827442847012.npz	10737455211469821439498141827442847012	49855	0	12314624
crispr_screen_20240615_chunk_ab.tar	107374624747273628259491580154170410000.npz	107374624747273628259491580154170410000	153926	0	12365312
crispr_screen_20240615_chunk_ab.tar	107374656147482522433726165487091806280.npz	107374656147482522433726165487091806280	22706	0	12519936
crispr_screen_20240615_chunk_ab.tar	107374657864064031314022427881726947439.npz	107374657864064031314022427881726947439	141016	0	12543488
crispr_screen_20240615_chunk_ab.tar	107374738860553770145730704591667956779.npz	107374738860553770145730704591667956779	72598	0	12685312
crispr_screen_20240615_chunk_ab.tar	107374803308344505628253049785740418490.npz	107374803308344505628253049785740418490	34247	0	12758528
crispr_screen_20240615_chunk_ab.tar	107375142440142061028589421555039062047.npz	107375142440142061028589421555039062047	207818	0	12793344
crispr_screen_20240615_chunk_ab.tar	107375143467039912955830511672278077307.npz	107375143467039912955830511672278077307	209819	0	13001728
crispr_screen_20240615_chunk_ab.tar	107375165089185926678838231371195972309.npz	107375165089185926678838231371195972309	71202	0	13212160
crispr_screen_20240615_chunk_ab.tar	107375214139876129547584909396088544361.npz	107375214139876129547584909396088544361	100440	0	13284352
crispr_screen_20240615_chunk_ab.tar	107375313797347275927534873801723454086.npz	107375313797347275927534873801723454086	45547	0	13385728
