perturbation,dose,time,cell_line
BRD-A00147595,10.0,24.0,A549
BRD-A00218260,10.0,24.0,A549
BRD-A00376169,10.0,24.0,A549
BRD-A00546892,10.0,24.0,A549
BRD-A00938334,10.0,24.0,A549
BRD-A01636364,10.0,24.0,A549
BRD-A01787639,10.0,24.0,A549
BRD-A02006392,10.0,24.0,A549
BRD-A02367930,10.0,24.0,A549
BRD-A02990301,10.0,24.0,A549
BRD-A03061970,10.0,24.0,A549
BRD-A03216249,10.0,24.0,A549
BRD-A03249105,10.0,24.0,A549
BRD-A03506276,10.0,24.0,A549
BRD-A03623303,10.0,24.0,A549
BRD-A04352665,10.0,24.0,A549
BRD-A04553218,10.0,24.0,A549
BRD-A05186015,10.0,24.0,A549
BRD-A05334458,10.0,24.0,A549
BRD-A05457250,10.0,24.0,A549
BRD-A05523972,10.0,24.0,A549
BRD-A05821830,10.0,24.0,A549
BRD-A06916187,10.0,24.0,A549
BRD-A06935312,10.0,24.0,A549
BRD-A07395371,10.0,24.0,A549
BRD-A07440155,10.0,24.0,A549
BRD-A07563059,10.0,24.0,A549
BRD-A07704283,10.0,24.0,A549
BRD-A07815743,10.0,24.0,A549
BRD-A07986123,10.0,24.0,A549
BRD-A08187463,10.0,24.0,A549
BRD-A08545410,10.0,24.0,A549
BRD-A09349126,10.0,24.0,A549
BRD-A09472452,10.0,24.0,A549
BRD-A09533288,10.0,24.0,A549
BRD-A10012892,10.0,24.0,A549
BRD-A10039652,10.0,24.0,A549
BRD-A10070317,10.0,24.0,A549
BRD-A10903566,10.0,24.0,A549
BRD-A10967948,10.0,24.0,A549
BRD-A10977446,10.0,24.0,A549
BRD-A11319535,10.0,24.0,A549
BRD-A11990600,10.0,24.0,A549
BRD-A12077521,10.0,24.0,A549
BRD-A12230535,10.0,24.0,A549
BRD-A12237696,10.0,24.0,A549
BRD-A12896037,10.0,24.0,A549
BRD-A12994259,10.0,24.0,A549
BRD-A13084692,10.0,24.0,A549
BRD-A13133631,10.0,24.0,A549
BRD-A13188892,10.0,24.0,A549
BRD-A14262390,10.0,24.0,A549
BRD-A14798026,10.0,24.0,A549
BRD-A14886633,10.0,24.0,A549
BRD-A14941520,10.0,24.0,A549
BRD-A14966924,10.0,24.0,A549
BRD-A15202882,10.0,24.0,A549
BRD-A15297126,10.0,24.0,A549
BRD-A15435692,10.0,24.0,A549
BRD-A15909516,10.0,24.0,A549
BRD-A15931911,10.0,24.0,A549
BRD-A16296925,10.0,24.0,A549
BRD-A16347691,10.0,24.0,A549
BRD-A16665823,10.0,24.0,A549
BRD-A16997652,10.0,24.0,A549
BRD-A17411484,10.0,24.0,A549
BRD-A17462676,10.0,24.0,A549
BRD-A17655518,10.0,24.0,A549
BRD-A17883755,10.0,24.0,A549
BRD-A18043272,10.0,24.0,A549
BRD-A18611368,10.0,24.0,A549
BRD-A18620900,10.0,24.0,A549
BRD-A19195498,10.0,24.0,A549
BRD-A19633847,10.0,24.0,A549
BRD-A19661776,10.0,24.0,A549
BRD-A19736161,10.0,24.0,A549
BRD-A20119038,10.0,24.0,A549
BRD-A20126139,10.0,24.0,A549
BRD-A20239487,10.0,24.0,A549
BRD-A20348246,10.0,24.0,A549
BRD-A22032524,10.0,24.0,A549
BRD-A22769835,10.0,24.0,A549
BRD-A24228527,10.0,24.0,A549
BRD-A25234499,10.0,24.0,A549
BRD-A25619068,10.0,24.0,A549
BRD-A26032986,10.0,24.0,A549
BRD-A26095496,10.0,24.0,A549
BRD-A26334849,10.0,24.0,A549
BRD-A26384407,10.0,24.0,A549
BRD-A26423207,10.0,24.0,A549
BRD-A26503646,10.0,24.0,A549
BRD-A26690767,10.0,24.0,A549
BRD-A26711594,10.0,24.0,A549
BRD-A27376179,10.0,24.0,A549
BRD-A27732521,10.0,24.0,A549
BRD-A28467416,10.0,24.0,A549
BRD-A28545468,10.0,24.0,A549
BRD-A28746609,10.0,24.0,A549
BRD-A28787076,10.0,24.0,A549
BRD-A29260609,10.0,24.0,A549
BRD-A29289453,10.0,24.0,A549
BRD-A29322418,10.0,24.0,A549
BRD-A29485665,10.0,24.0,A549
BRD-A29520968,10.0,24.0,A549
BRD-A29623586,10.0,24.0,A549
BRD-A29731977,10.0,24.0,A549
BRD-A29734509,10.0,24.0,A549
BRD-A29844814,10.0,24.0,A549
BRD-A29854054,10.0,24.0,A549
BRD-A30051119,10.0,24.0,A549
BRD-A30815329,10.0,24.0,A549
BRD-A30984645,10.0,24.0,A549
BRD-A31095847,10.0,24.0,A549
BRD-A31159102,10.0,24.0,A549
BRD-A31521121,10.0,24.0,A549
BRD-A31811760,10.0,24.0,A549
BRD-A32172948,10.0,24.0,A549
BRD-A32269193,10.0,24.0,A549
BRD-A33084557,10.0,24.0,A549
BRD-A33168282,10.0,24.0,A549
BRD-A33280134,10.0,24.0,A549
BRD-A33447119,10.0,24.0,A549
BRD-A33692381,10.0,24.0,A549
BRD-A33697453,10.0,24.0,A549
BRD-A33711280,10.0,24.0,A549
BRD-A34006693,10.0,24.0,A549
BRD-A34255068,10.0,24.0,A549
BRD-A34513497,10.0,24.0,A549
BRD-A36057565,10.0,24.0,A549
BRD-A36331462,10.0,24.0,A549
BRD-A37780065,10.0,24.0,A549
BRD-A37959677,10.0,24.0,A549
BRD-A38218502,10.0,24.0,A549
BRD-A38350138,10.0,24.0,A549
BRD-A38592941,10.0,24.0,A549
BRD-A39390670,10.0,24.0,A549
BRD-A39415247,10.0,24.0,A549
BRD-A39935389,10.0,24.0,A549
BRD-A40084411,10.0,24.0,A549
BRD-A40639672,10.0,24.0,A549
BRD-A40787240,10.0,24.0,A549
BRD-A41451487,10.0,24.0,A549
BRD-A43082555,10.0,24.0,A549
BRD-A43331270,10.0,24.0,A549
BRD-A43882281,10.0,24.0,A549
BRD-A44090213,10.0,24.0,A549
BRD-A44863528,10.0,24.0,A549
BRD-A45153512,10.0,24.0,A549
BRD-A45889380,10.0,24.0,A549
BRD-A46179541,10.0,24.0,A549
BRD-A47364545,10.0,24.0,A549
BRD-A47598013,10.0,24.0,A549
BRD-A48237631,10.0,24.0,A549
BRD-A48430263,10.0,24.0,A549
BRD-A48570745,10.0,24.0,A549
BRD-A49160188,10.0,24.0,A549
BRD-A49399758,10.0,24.0,A549
BRD-A49622760,10.0,24.0,A549
BRD-A49765801,10.0,24.0,A549
BRD-A50033377,10.0,24.0,A549
BRD-A50311610,10.0,24.0,A549
BRD-A50675702,10.0,24.0,A549
BRD-A50764878,10.0,24.0,A549
BRD-A50998626,10.0,24.0,A549
BRD-A51078674,10.0,24.0,A549
BRD-A51714012,10.0,24.0,A549
BRD-A51820102,10.0,24.0,A549
BRD-A52252998,10.0,24.0,A549
BRD-A52660433,10.0,24.0,A549
BRD-A53176877,10.0,24.0,A549
BRD-A53566267,10.0,24.0,A549
BRD-A53576514,10.0,24.0,A549
BRD-A54880345,10.0,24.0,A549
BRD-A55393291,10.0,24.0,A549
BRD-A55579717,10.0,24.0,A549
BRD-A55913614,10.0,24.0,A549
BRD-A55962179,10.0,24.0,A549
BRD-A56085258,10.0,24.0,A549
BRD-A56371469,10.0,24.0,A549
BRD-A56592690,10.0,24.0,A549
BRD-A57382968,10.0,24.0,A549
BRD-A58048407,10.0,24.0,A549
BRD-A58280226,10.0,24.0,A549
BRD-A58564983,10.0,24.0,A549
BRD-A58955223,10.0,24.0,A549
BRD-A59174698,10.0,24.0,A549
BRD-A61154809,10.0,24.0,A549
BRD-A61221616,10.0,24.0,A549
BRD-A61676498,10.0,24.0,A549
BRD-A61767428,10.0,24.0,A549
BRD-A61793559,10.0,24.0,A549
BRD-A62025033,10.0,24.0,A549
BRD-A62035778,10.0,24.0,A549
BRD-A62071884,10.0,24.0,A549
BRD-A62525898,10.0,24.0,A549
BRD-A62879835,10.0,24.0,A549
BRD-A63236097,10.0,24.0,A549
BRD-A63310107,10.0,24.0,A549
BRD-A63675168,10.0,24.0,A549
BRD-A63752151,10.0,24.0,A549
BRD-A64406146,10.0,24.0,A549
BRD-A64485570,10.0,24.0,A549
BRD-A64553394,10.0,24.0,A549
BRD-A64977602,10.0,24.0,A549
BRD-A65013509,10.0,24.0,A549
BRD-A65051990,10.0,24.0,A549
BRD-A65248799,10.0,24.0,A549
BRD-A65280694,10.0,24.0,A549
BRD-A66155091,10.0,24.0,A549
BRD-A66419424,10.0,24.0,A549
BRD-A67097164,10.0,24.0,A549
BRD-A67373739,10.0,24.0,A549
BRD-A67479912,10.0,24.0,A549
BRD-A67516570,10.0,24.0,A549
BRD-A67616246,10.0,24.0,A549
BRD-A67862938,10.0,24.0,A549
BRD-A68304895,10.0,24.0,A549
BRD-A68464583,10.0,24.0,A549
BRD-A68493689,10.0,24.0,A549
BRD-A68888262,10.0,24.0,A549
BRD-A68942014,10.0,24.0,A549
BRD-A69275535,10.0,24.0,A549
BRD-A69636825,10.0,24.0,A549
BRD-A69815203,10.0,24.0,A549
BRD-A69951442,10.0,24.0,A549
BRD-A70083328,10.0,24.0,A549
BRD-A70858459,10.0,24.0,A549
BRD-A70998768,10.0,24.0,A549
BRD-A72066420,10.0,24.0,A549
BRD-A72309220,10.0,24.0,A549
BRD-A72390365,10.0,24.0,A549
BRD-A72711497,10.0,24.0,A549
BRD-A73368467,10.0,24.0,A549
BRD-A73556557,10.0,24.0,A549
BRD-A73741725,10.0,24.0,A549
BRD-A73908300,10.0,24.0,A549
BRD-A74391928,10.0,24.0,A549
BRD-A74667430,10.0,24.0,A549
BRD-A74914197,10.0,24.0,A549
BRD-A74980173,10.0,24.0,A549
BRD-A75172220,10.0,24.0,A549
BRD-A75305484,10.0,24.0,A549
BRD-A75479906,10.0,24.0,A549
BRD-A75726477,10.0,24.0,A549
BRD-A76747559,10.0,24.0,A549
BRD-A77216878,10.0,24.0,A549
BRD-A78195072,10.0,24.0,A549
BRD-A78341343,10.0,24.0,A549
BRD-A78723049,10.0,24.0,A549
BRD-A78877355,10.0,24.0,A549
BRD-A79431551,10.0,24.0,A549
BRD-A79768653,10.0,24.0,A549
BRD-A79981887,10.0,24.0,A549
BRD-A80017228,10.0,24.0,A549
BRD-A80151636,10.0,24.0,A549
BRD-A81233518,10.0,24.0,A549
BRD-A82035391,10.0,24.0,A549
BRD-A82156122,10.0,24.0,A549
BRD-A82395837,10.0,24.0,A549
BRD-A82396632,10.0,24.0,A549
BRD-A82772293,10.0,24.0,A549
BRD-A83081521,10.0,24.0,A549
BRD-A84174393,10.0,24.0,A549
BRD-A84481105,10.0,24.0,A549
BRD-A84575140,10.0,24.0,A549
BRD-A85439007,10.0,24.0,A549
BRD-A85548292,10.0,24.0,A549
BRD-A86216746,10.0,24.0,A549
BRD-A86248581,10.0,24.0,A549
BRD-A86871940,10.0,24.0,A549
BRD-A87130939,10.0,24.0,A549
BRD-A87435144,10.0,24.0,A549
BRD-A87479750,10.0,24.0,A549
BRD-A88138582,10.0,24.0,A549
BRD-A89164055,10.0,24.0,A549
BRD-A89175223,10.0,24.0,A549
BRD-A90547603,10.0,24.0,A549
BRD-A90625545,10.0,24.0,A549
BRD-A90799790,10.0,24.0,A549
BRD-A91699651,10.0,24.0,A549
BRD-A91877226,10.0,24.0,A549
BRD-A92537424,10.0,24.0,A549
BRD-A92630576,10.0,24.0,A549
BRD-A92826379,10.0,24.0,A549
BRD-A93000692,10.0,24.0,A549
BRD-A93093700,10.0,24.0,A549
BRD-A93255169,10.0,24.0,A549
BRD-A93353767,10.0,24.0,A549
BRD-A93424738,10.0,24.0,A549
BRD-A93964801,10.0,24.0,A549
BRD-A94276798,10.0,24.0,A549
BRD-A94543220,10.0,24.0,A549
BRD-A94756469,10.0,24.0,A549
BRD-A95032015,10.0,24.0,A549
BRD-A95696066,10.0,24.0,A549
BRD-A95869247,10.0,24.0,A549
BRD-A95939040,10.0,24.0,A549
BRD-A96060515,10.0,24.0,A549
BRD-A96292436,10.0,24.0,A549
BRD-A96456596,10.0,24.0,A549
BRD-A96754982,10.0,24.0,A549
BRD-A97104540,10.0,24.0,A549
BRD-A97437073,10.0,24.0,A549
BRD-A97479839,10.0,24.0,A549
BRD-A97502381,10.0,24.0,A549
BRD-A97674275,10.0,24.0,A549
BRD-A97701745,10.0,24.0,A549
BRD-A97739905,10.0,24.0,A549
BRD-A97808748,10.0,24.0,A549
BRD-A98702003,10.0,24.0,A549
BRD-A98845662,10.0,24.0,A549
BRD-A98990573,10.0,24.0,A549
BRD-A99939097,10.0,24.0,A549
BRD-K00077635,10.0,24.0,A549
BRD-K00152668,10.0,24.0,A549
BRD-K00259736,10.0,24.0,A549
BRD-K00494077,10.0,24.0,A549
BRD-K00521308,10.0,24.0,A549
BRD-K00603606,10.0,24.0,A549
BRD-K00610438,10.0,24.0,A549
BRD-K00662280,10.0,24.0,A549
BRD-K00673382,10.0,24.0,A549
BRD-K00674894,10.0,24.0,A549
BRD-K00911143,10.0,24.0,A549
BRD-K01029106,10.0,24.0,A549
BRD-K01039503,10.0,24.0,A549
BRD-K01174345,10.0,24.0,A549
BRD-K01292756,10.0,24.0,A549
BRD-K01577834,10.0,24.0,A549
BRD-K01621533,10.0,24.0,A549
BRD-K01638814,10.0,24.0,A549
BRD-K01663662,10.0,24.0,A549
BRD-K01674964,10.0,24.0,A549
BRD-K01815685,10.0,24.0,A549
BRD-K01824921,10.0,24.0,A549
BRD-K02079473,10.0,24.0,A549
BRD-K02113016,10.0,24.0,A549
BRD-K02123250,10.0,24.0,A549
BRD-K02265150,10.0,24.0,A549
BRD-K02292852,10.0,24.0,A549
BRD-K02314383,10.0,24.0,A549
BRD-K02389548,10.0,24.0,A549
BRD-K02404261,10.0,24.0,A549
BRD-K02501528,10.0,24.0,A549
BRD-K02637541,10.0,24.0,A549
BRD-K02867583,10.0,24.0,A549
BRD-K02900412,10.0,24.0,A549
BRD-K02943813,10.0,24.0,A549
BRD-K02950022,10.0,24.0,A549
BRD-K02992638,10.0,24.0,A549
BRD-K03095347,10.0,24.0,A549
BRD-K03194791,10.0,24.0,A549
BRD-K03289534,10.0,24.0,A549
BRD-K03384561,10.0,24.0,A549
BRD-K03390685,10.0,24.0,A549
BRD-K03449891,10.0,24.0,A549
BRD-K03601870,10.0,24.0,A549
BRD-K03816923,10.0,24.0,A549
BRD-K04111260,10.0,24.0,A549
BRD-K04112579,10.0,24.0,A549
BRD-K04185004,10.0,24.0,A549
BRD-K04264130,10.0,24.0,A549
BRD-K04691817,10.0,24.0,A549
BRD-K04704168,10.0,24.0,A549
BRD-K04804440,10.0,24.0,A549
BRD-K04887706,10.0,24.0,A549
BRD-K04956647,10.0,24.0,A549
BRD-K04993719,10.0,24.0,A549
BRD-K05104363,10.0,24.0,A549
BRD-K05236810,10.0,24.0,A549
BRD-K05395900,10.0,24.0,A549
BRD-K05446112,10.0,24.0,A549
BRD-K05524748,10.0,24.0,A549
BRD-K05658747,10.0,24.0,A549
BRD-K05673000,10.0,24.0,A549
BRD-K05674516,10.0,24.0,A549
BRD-K05804044,10.0,24.0,A549
BRD-K05977355,10.0,24.0,A549
BRD-K06240250,10.0,24.0,A549
BRD-K06294530,10.0,24.0,A549
BRD-K06335600,10.0,24.0,A549
BRD-K06388322,10.0,24.0,A549
BRD-K06557128,10.0,24.0,A549
BRD-K06674495,10.0,24.0,A549
BRD-K06762493,10.0,24.0,A549
BRD-K06858286,10.0,24.0,A549
BRD-K06878038,10.0,24.0,A549
BRD-K06900071,10.0,24.0,A549
BRD-K06902185,10.0,24.0,A549
BRD-K07106112,10.0,24.0,A549
BRD-K07160047,10.0,24.0,A549
BRD-K07208025,10.0,24.0,A549
BRD-K07220430,10.0,24.0,A549
BRD-K07237224,10.0,24.0,A549
BRD-K07310275,10.0,24.0,A549
BRD-K07572174,10.0,24.0,A549
BRD-K07609981,10.0,24.0,A549
BRD-K07691486,10.0,24.0,A549
BRD-K07753030,10.0,24.0,A549
BRD-K07798980,10.0,24.0,A549
BRD-K07857022,10.0,24.0,A549
BRD-K07881437,10.0,24.0,A549
BRD-K07954936,10.0,24.0,A549
BRD-K08037784,10.0,24.0,A549
BRD-K08109215,10.0,24.0,A549
BRD-K08206212,10.0,24.0,A549
BRD-K08248804,10.0,24.0,A549
BRD-K08252256,10.0,24.0,A549
BRD-K08547377,10.0,24.0,A549
BRD-K08586861,10.0,24.0,A549
BRD-K08703257,10.0,24.0,A549
BRD-K08799216,10.0,24.0,A549
BRD-K08832567,10.0,24.0,A549
BRD-K08859203,10.0,24.0,A549
BRD-K08924299,10.0,24.0,A549
BRD-K08976401,10.0,24.0,A549
BRD-K09078998,10.0,24.0,A549
BRD-K09090949,10.0,24.0,A549
BRD-K09132007,10.0,24.0,A549
BRD-K09255212,10.0,24.0,A549
BRD-K09372874,10.0,24.0,A549
BRD-K09397065,10.0,24.0,A549
BRD-K09426783,10.0,24.0,A549
BRD-K09471561,10.0,24.0,A549
BRD-K09549677,10.0,24.0,A549
BRD-K09602097,10.0,24.0,A549
BRD-K09711437,10.0,24.0,A549
BRD-K09951645,10.0,24.0,A549
BRD-K10670311,10.0,24.0,A549
BRD-K10843433,10.0,24.0,A549
BRD-K10845183,10.0,24.0,A549
BRD-K10852020,10.0,24.0,A549
BRD-K10859802,10.0,24.0,A549
BRD-K10961822,10.0,24.0,A549
BRD-K11071038,10.0,24.0,A549
BRD-K11073688,10.0,24.0,A549
BRD-K11129031,10.0,24.0,A549
BRD-K11153516,10.0,24.0,A549
BRD-K11196887,10.0,24.0,A549
BRD-K11267252,10.0,24.0,A549
BRD-K11399644,10.0,24.0,A549
BRD-K11433652,10.0,24.0,A549
BRD-K11717138,10.0,24.0,A549
BRD-K11973162,10.0,24.0,A549
BRD-K12184916,10.0,24.0,A549
BRD-K12219985,10.0,24.0,A549
BRD-K12423485,10.0,24.0,A549
BRD-K12539416,10.0,24.0,A549
BRD-K12609457,10.0,24.0,A549
BRD-K12735121,10.0,24.0,A549
BRD-K12737986,10.0,24.0,A549
BRD-K12787259,10.0,24.0,A549
BRD-K12867552,10.0,24.0,A549
BRD-K12885236,10.0,24.0,A549
BRD-K12932420,10.0,24.0,A549
BRD-K12994359,10.0,24.0,A549
BRD-K13050541,10.0,24.0,A549
BRD-K13154216,10.0,24.0,A549
BRD-K13183738,10.0,24.0,A549
BRD-K13296708,10.0,24.0,A549
BRD-K13356952,10.0,24.0,A549
BRD-K13390322,10.0,24.0,A549
BRD-K13646352,10.0,24.0,A549
BRD-K13662825,10.0,24.0,A549
BRD-K13756951,10.0,24.0,A549
BRD-K13819402,10.0,24.0,A549
BRD-K13926615,10.0,24.0,A549
BRD-K14175878,10.0,24.0,A549
BRD-K14529030,10.0,24.0,A549
BRD-K14619660,10.0,24.0,A549
BRD-K14653796,10.0,24.0,A549
BRD-K14704277,10.0,24.0,A549
BRD-K14796088,10.0,24.0,A549
BRD-K14870255,10.0,24.0,A549
BRD-K14993104,10.0,24.0,A549
BRD-K15010214,10.0,24.0,A549
BRD-K15108141,10.0,24.0,A549
BRD-K15170068,10.0,24.0,A549
BRD-K15179879,10.0,24.0,A549
BRD-K15318383,10.0,24.0,A549
BRD-K15409150,10.0,24.0,A549
BRD-K15426076,10.0,24.0,A549
BRD-K15502390,10.0,24.0,A549
BRD-K15507868,10.0,24.0,A549
BRD-K15567136,10.0,24.0,A549
BRD-K15766189,10.0,24.0,A549
BRD-K15916496,10.0,24.0,A549
BRD-K15933101,10.0,24.0,A549
BRD-K15976406,10.0,24.0,A549
BRD-K16037980,10.0,24.0,A549
BRD-K16077845,10.0,24.0,A549
BRD-K16133773,10.0,24.0,A549
BRD-K16195444,10.0,24.0,A549
BRD-K16295392,10.0,24.0,A549
BRD-K16444452,10.0,24.0,A549
BRD-K16508793,10.0,24.0,A549
BRD-K16542329,10.0,24.0,A549
BRD-K16730910,10.0,24.0,A549
BRD-K16732600,10.0,24.0,A549
BRD-K16757695,10.0,24.0,A549
BRD-K16761703,10.0,24.0,A549
BRD-K16762525,10.0,24.0,A549
BRD-K16803204,10.0,24.0,A549
BRD-K16898998,10.0,24.0,A549
BRD-K17026858,10.0,24.0,A549
BRD-K17068645,10.0,24.0,A549
BRD-K17075857,10.0,24.0,A549
BRD-K17203476,10.0,24.0,A549
BRD-K17498618,10.0,24.0,A549
BRD-K17513304,10.0,24.0,A549
BRD-K17555800,10.0,24.0,A549
BRD-K17561142,10.0,24.0,A549
BRD-K17705806,10.0,24.0,A549
BRD-K17743125,10.0,24.0,A549
BRD-K17849083,10.0,24.0,A549
BRD-K17894950,10.0,24.0,A549
BRD-K17930269,10.0,24.0,A549
BRD-K17944737,10.0,24.0,A549
BRD-K17953908,10.0,24.0,A549
BRD-K18157228,10.0,24.0,A549
BRD-K18194590,10.0,24.0,A549
BRD-K18324993,10.0,24.0,A549
BRD-K18673820,10.0,24.0,A549
BRD-K18678457,10.0,24.0,A549
BRD-K18779551,10.0,24.0,A549
BRD-K18850819,10.0,24.0,A549
BRD-K19111024,10.0,24.0,A549
BRD-K19284129,10.0,24.0,A549
BRD-K19352500,10.0,24.0,A549
BRD-K19388745,10.0,24.0,A549
BRD-K19540840,10.0,24.0,A549
BRD-K19687926,10.0,24.0,A549
BRD-K19939891,10.0,24.0,A549
BRD-K20141153,10.0,24.0,A549
BRD-K20285085,10.0,24.0,A549
BRD-K20920669,10.0,24.0,A549
BRD-K21295289,10.0,24.0,A549
BRD-K21361524,10.0,24.0,A549
BRD-K21396683,10.0,24.0,A549
BRD-K21450440,10.0,24.0,A549
BRD-K21718444,10.0,24.0,A549
BRD-K21908111,10.0,24.0,A549
BRD-K22024824,10.0,24.0,A549
BRD-K22031190,10.0,24.0,A549
BRD-K22134346,10.0,24.0,A549
BRD-K22749967,10.0,24.0,A549
BRD-K22822991,10.0,24.0,A549
BRD-K22848513,10.0,24.0,A549
BRD-K23248433,10.0,24.0,A549
BRD-K23363278,10.0,24.0,A549
BRD-K23499943,10.0,24.0,A549
BRD-K23672206,10.0,24.0,A549
BRD-K23677682,10.0,24.0,A549
BRD-K23728141,10.0,24.0,A549
BRD-K23875128,10.0,24.0,A549
BRD-K23976833,10.0,24.0,A549
BRD-K24616672,10.0,24.0,A549
BRD-K24723746,10.0,24.0,A549
BRD-K24771047,10.0,24.0,A549
BRD-K24844714,10.0,24.0,A549
BRD-K24943235,10.0,24.0,A549
BRD-K24968862,10.0,24.0,A549
BRD-K25114078,10.0,24.0,A549
BRD-K25140590,10.0,24.0,A549
BRD-K25204779,10.0,24.0,A549
BRD-K25361343,10.0,24.0,A549
BRD-K25394294,10.0,24.0,A549
BRD-K25412176,10.0,24.0,A549
BRD-K25433859,10.0,24.0,A549
BRD-K25630527,10.0,24.0,A549
BRD-K25650355,10.0,24.0,A549
BRD-K25837718,10.0,24.0,A549
BRD-K25943794,10.0,24.0,A549
BRD-K26011976,10.0,24.0,A549
BRD-K26325692,10.0,24.0,A549
BRD-K26341917,10.0,24.0,A549
BRD-K26603252,10.0,24.0,A549
BRD-K26619122,10.0,24.0,A549
BRD-K26657438,10.0,24.0,A549
BRD-K26667523,10.0,24.0,A549
BRD-K26701552,10.0,24.0,A549
BRD-K26712974,10.0,24.0,A549
BRD-K26823213,10.0,24.0,A549
BRD-K27182532,10.0,24.0,A549
BRD-K27184429,10.0,24.0,A549
BRD-K27204852,10.0,24.0,A549
BRD-K27938825,10.0,24.0,A549
BRD-K27955832,10.0,24.0,A549
BRD-K28115081,10.0,24.0,A549
BRD-K28143534,10.0,24.0,A549
BRD-K28183345,10.0,24.0,A549
BRD-K28217197,10.0,24.0,A549
BRD-K28307902,10.0,24.0,A549
BRD-K28392481,10.0,24.0,A549
BRD-K28428262,10.0,24.0,A549
BRD-K28456624,10.0,24.0,A549
BRD-K28470988,10.0,24.0,A549
BRD-K28542495,10.0,24.0,A549
BRD-K28667793,10.0,24.0,A549
BRD-K28731095,10.0,24.0,A549
BRD-K28761891,10.0,24.0,A549
BRD-K28822270,10.0,24.0,A549
BRD-K28912512,10.0,24.0,A549
BRD-K28936863,10.0,24.0,A549
BRD-K28965160,10.0,24.0,A549
BRD-K28971625,10.0,24.0,A549
BRD-K28984613,10.0,24.0,A549
BRD-K29133151,10.0,24.0,A549
BRD-K29322660,10.0,24.0,A549
BRD-K29359156,10.0,24.0,A549
BRD-K29458283,10.0,24.0,A549
BRD-K29530284,10.0,24.0,A549
BRD-K29582115,10.0,24.0,A549
BRD-K29653726,10.0,24.0,A549
BRD-K29656036,10.0,24.0,A549
BRD-K29673530,10.0,24.0,A549
BRD-K29735307,10.0,24.0,A549
BRD-K29950728,10.0,24.0,A549
BRD-K29968218,10.0,24.0,A549
BRD-K30020243,10.0,24.0,A549
BRD-K30126819,10.0,24.0,A549
BRD-K30331124,10.0,24.0,A549
BRD-K30421593,10.0,24.0,A549
BRD-K30466858,10.0,24.0,A549
BRD-K30480208,10.0,24.0,A549
BRD-K30550578,10.0,24.0,A549
BRD-K30563334,10.0,24.0,A549
BRD-K30685142,10.0,24.0,A549
BRD-K31092604,10.0,24.0,A549
BRD-K31111078,10.0,24.0,A549
BRD-K31135544,10.0,24.0,A549
BRD-K31309378,10.0,24.0,A549
BRD-K31342827,10.0,24.0,A549
BRD-K31385749,10.0,24.0,A549
BRD-K31447894,10.0,24.0,A549
BRD-K31476763,10.0,24.0,A549
BRD-K31495718,10.0,24.0,A549
BRD-K31519811,10.0,24.0,A549
BRD-K31627533,10.0,24.0,A549
BRD-K31731454,10.0,24.0,A549
BRD-K31812033,10.0,24.0,A549
BRD-K31841515,10.0,24.0,A549
BRD-K32101625,10.0,24.0,A549
BRD-K32107296,10.0,24.0,A549
BRD-K32164935,10.0,24.0,A549
BRD-K32218650,10.0,24.0,A549
BRD-K32247306,10.0,24.0,A549
BRD-K32285926,10.0,24.0,A549
BRD-K32405725,10.0,24.0,A549
BRD-K32501161,10.0,24.0,A549
BRD-K32744045,10.0,24.0,A549
BRD-K32821942,10.0,24.0,A549
BRD-K32977963,10.0,24.0,A549
BRD-K33106058,10.0,24.0,A549
BRD-K33127281,10.0,24.0,A549
BRD-K33141550,10.0,24.0,A549
BRD-K33211335,10.0,24.0,A549
BRD-K33226500,10.0,24.0,A549
BRD-K33379087,10.0,24.0,A549
BRD-K33453211,10.0,24.0,A549
BRD-K33483813,10.0,24.0,A549
BRD-K33610132,10.0,24.0,A549
BRD-K33732501,10.0,24.0,A549
BRD-K33852358,10.0,24.0,A549
BRD-K33882852,10.0,24.0,A549
BRD-K34022604,10.0,24.0,A549
BRD-K34154330,10.0,24.0,A549
BRD-K34157611,10.0,24.0,A549
BRD-K34185671,10.0,24.0,A549
BRD-K34313798,10.0,24.0,A549
BRD-K34328244,10.0,24.0,A549
BRD-K34341643,10.0,24.0,A549
BRD-K34469523,10.0,24.0,A549
BRD-K34713073,10.0,24.0,A549
BRD-K34776109,10.0,24.0,A549
BRD-K34870043,10.0,24.0,A549
BRD-K34888156,10.0,24.0,A549
BRD-K35169477,10.0,24.0,A549
BRD-K35189033,10.0,24.0,A549
BRD-K35245662,10.0,24.0,A549
BRD-K35520305,10.0,24.0,A549
BRD-K35586044,10.0,24.0,A549
BRD-K35589454,10.0,24.0,A549
BRD-K35629949,10.0,24.0,A549
BRD-K35687421,10.0,24.0,A549
BRD-K35719256,10.0,24.0,A549
BRD-K35775715,10.0,24.0,A549
BRD-K36280065,10.0,24.0,A549
BRD-K36324071,10.0,24.0,A549
BRD-K36386086,10.0,24.0,A549
BRD-K36467523,10.0,24.0,A549
BRD-K36627727,10.0,24.0,A549
BRD-K36680103,10.0,24.0,A549
BRD-K36732695,10.0,24.0,A549
BRD-K37289225,10.0,24.0,A549
BRD-K37355418,10.0,24.0,A549
BRD-K37385792,10.0,24.0,A549
BRD-K37561857,10.0,24.0,A549
BRD-K37590257,10.0,24.0,A549
BRD-K37687095,10.0,24.0,A549
BRD-K37694030,10.0,24.0,A549
BRD-K37714784,10.0,24.0,A549
BRD-K37764012,10.0,24.0,A549
BRD-K37872686,10.0,24.0,A549
BRD-K37890730,10.0,24.0,A549
BRD-K37991163,10.0,24.0,A549
BRD-K38183498,10.0,24.0,A549
BRD-K38197229,10.0,24.0,A549
BRD-K38287497,10.0,24.0,A549
BRD-K38436528,10.0,24.0,A549
BRD-K38473998,10.0,24.0,A549
BRD-K38744518,10.0,24.0,A549
BRD-K38868394,10.0,24.0,A549
BRD-K39252998,10.0,24.0,A549
BRD-K39339537,10.0,24.0,A549
BRD-K39503511,10.0,24.0,A549
BRD-K39974922,10.0,24.0,A549
BRD-K40227168,10.0,24.0,A549
BRD-K40738845,10.0,24.0,A549
BRD-K40758068,10.0,24.0,A549
BRD-K40797222,10.0,24.0,A549
BRD-K40870905,10.0,24.0,A549
BRD-K41160163,10.0,24.0,A549
BRD-K41170226,10.0,24.0,A549
BRD-K41185545,10.0,24.0,A549
BRD-K41213548,10.0,24.0,A549
BRD-K41260949,10.0,24.0,A549
BRD-K41410256,10.0,24.0,A549
BRD-K41434598,10.0,24.0,A549
BRD-K41524689,10.0,24.0,A549
BRD-K41599323,10.0,24.0,A549
BRD-K41708980,10.0,24.0,A549
BRD-K41731458,10.0,24.0,A549
BRD-K41783120,10.0,24.0,A549
BRD-K41895714,10.0,24.0,A549
BRD-K41996876,10.0,24.0,A549
BRD-K42098891,10.0,24.0,A549
BRD-K42348709,10.0,24.0,A549
BRD-K42352790,10.0,24.0,A549
BRD-K42417338,10.0,24.0,A549
BRD-K42495768,10.0,24.0,A549
BRD-K42679050,10.0,24.0,A549
BRD-K42948882,10.0,24.0,A549
BRD-K42981054,10.0,24.0,A549
BRD-K43002771,10.0,24.0,A549
BRD-K43164539,10.0,24.0,A549
BRD-K43410529,10.0,24.0,A549
BRD-K43457670,10.0,24.0,A549
BRD-K43578482,10.0,24.0,A549
BRD-K43887077,10.0,24.0,A549
BRD-K43966364,10.0,24.0,A549
BRD-K44273375,10.0,24.0,A549
BRD-K44309363,10.0,24.0,A549
BRD-K44353683,10.0,24.0,A549
BRD-K44771174,10.0,24.0,A549
BRD-K44827188,10.0,24.0,A549
BRD-K44844162,10.0,24.0,A549
BRD-K44876623,10.0,24.0,A549
BRD-K44942188,10.0,24.0,A549
BRD-K44974079,10.0,24.0,A549
BRD-K45033733,10.0,24.0,A549
BRD-K45071273,10.0,24.0,A549
BRD-K45117373,10.0,24.0,A549
BRD-K45152786,10.0,24.0,A549
BRD-K45158365,10.0,24.0,A549
BRD-K45168550,10.0,24.0,A549
BRD-K45245728,10.0,24.0,A549
BRD-K45252063,10.0,24.0,A549
BRD-K45275534,10.0,24.0,A549
BRD-K45330754,10.0,24.0,A549
BRD-K45503887,10.0,24.0,A549
BRD-K45542189,10.0,24.0,A549
BRD-K45746021,10.0,24.0,A549
BRD-K45875383,10.0,24.0,A549
BRD-K45924332,10.0,24.0,A549
BRD-K46018455,10.0,24.0,A549
BRD-K46133855,10.0,24.0,A549
BRD-K46290096,10.0,24.0,A549
BRD-K46386702,10.0,24.0,A549
BRD-K46424862,10.0,24.0,A549
BRD-K46604138,10.0,24.0,A549
BRD-K46654563,10.0,24.0,A549
BRD-K46692793,10.0,24.0,A549
BRD-K46839850,10.0,24.0,A549
BRD-K46937689,10.0,24.0,A549
BRD-K46970505,10.0,24.0,A549
BRD-K47095176,10.0,24.0,A549
BRD-K47554101,10.0,24.0,A549
BRD-K47639036,10.0,24.0,A549
BRD-K47642186,10.0,24.0,A549
BRD-K47780086,10.0,24.0,A549
BRD-K47869605,10.0,24.0,A549
BRD-K47936004,10.0,24.0,A549
BRD-K47976015,10.0,24.0,A549
BRD-K48068743,10.0,24.0,A549
BRD-K48195801,10.0,24.0,A549
BRD-K48213016,10.0,24.0,A549
BRD-K48300629,10.0,24.0,A549
BRD-K48367671,10.0,24.0,A549
BRD-K48461310,10.0,24.0,A549
BRD-K48578705,10.0,24.0,A549
BRD-K48722258,10.0,24.0,A549
BRD-K48812570,10.0,24.0,A549
BRD-K48892307,10.0,24.0,A549
BRD-K48894757,10.0,24.0,A549
BRD-K49075727,10.0,24.0,A549
BRD-K49111258,10.0,24.0,A549
BRD-K49215523,10.0,24.0,A549
BRD-K49328571,10.0,24.0,A549
BRD-K49350383,10.0,24.0,A549
BRD-K49404994,10.0,24.0,A549
BRD-K49456274,10.0,24.0,A549
BRD-K49504902,10.0,24.0,A549
BRD-K49555808,10.0,24.0,A549
BRD-K49671696,10.0,24.0,A549
BRD-K49685476,10.0,24.0,A549
BRD-K49807096,10.0,24.0,A549
BRD-K49840922,10.0,24.0,A549
BRD-K49865102,10.0,24.0,A549
BRD-K50031829,10.0,24.0,A549
BRD-K50133271,10.0,24.0,A549
BRD-K50163129,10.0,24.0,A549
BRD-K50168500,10.0,24.0,A549
BRD-K50398167,10.0,24.0,A549
BRD-K50422030,10.0,24.0,A549
BRD-K50498985,10.0,24.0,A549
BRD-K50564936,10.0,24.0,A549
BRD-K50590187,10.0,24.0,A549
BRD-K50859149,10.0,24.0,A549
BRD-K50938287,10.0,24.0,A549
BRD-K51087630,10.0,24.0,A549
BRD-K51143828,10.0,24.0,A549
BRD-K51263939,10.0,24.0,A549
BRD-K51313569,10.0,24.0,A549
BRD-K51324732,10.0,24.0,A549
BRD-K51544265,10.0,24.0,A549
BRD-K51662849,10.0,24.0,A549
BRD-K51677086,10.0,24.0,A549
BRD-K51747290,10.0,24.0,A549
BRD-K51967704,10.0,24.0,A549
BRD-K52233191,10.0,24.0,A549
BRD-K52313696,10.0,24.0,A549
BRD-K52618540,10.0,24.0,A549
BRD-K52662033,10.0,24.0,A549
BRD-K52751261,10.0,24.0,A549
BRD-K52818472,10.0,24.0,A549
BRD-K53061490,10.0,24.0,A549
BRD-K53097745,10.0,24.0,A549
BRD-K53318339,10.0,24.0,A549
BRD-K53414658,10.0,24.0,A549
BRD-K53417444,10.0,24.0,A549
BRD-K53508936,10.0,24.0,A549
BRD-K53517854,10.0,24.0,A549
BRD-K53814070,10.0,24.0,A549
BRD-K53857191,10.0,24.0,A549
BRD-K53963539,10.0,24.0,A549
BRD-K53979406,10.0,24.0,A549
BRD-K54006094,10.0,24.0,A549
BRD-K54028654,10.0,24.0,A549
BRD-K54256913,10.0,24.0,A549
BRD-K54416256,10.0,24.0,A549
BRD-K54770957,10.0,24.0,A549
BRD-K54847683,10.0,24.0,A549
BRD-K54936858,10.0,24.0,A549
BRD-K55013654,10.0,24.0,A549
BRD-K55026842,10.0,24.0,A549
BRD-K55127134,10.0,24.0,A549
BRD-K55191674,10.0,24.0,A549
BRD-K55512740,10.0,24.0,A549
BRD-K55748775,10.0,24.0,A549
BRD-K55781385,10.0,24.0,A549
BRD-K55847762,10.0,24.0,A549
BRD-K55930204,10.0,24.0,A549
BRD-K55966568,10.0,24.0,A549
BRD-K56032964,10.0,24.0,A549
BRD-K56104152,10.0,24.0,A549
BRD-K56195681,10.0,24.0,A549
BRD-K56291712,10.0,24.0,A549
BRD-K56301217,10.0,24.0,A549
BRD-K56334280,10.0,24.0,A549
BRD-K56343971,10.0,24.0,A549
BRD-K56405753,10.0,24.0,A549
BRD-K56558538,10.0,24.0,A549
BRD-K56614220,10.0,24.0,A549
BRD-K56751279,10.0,24.0,A549
BRD-K56800335,10.0,24.0,A549
BRD-K56810756,10.0,24.0,A549
BRD-K56844688,10.0,24.0,A549
BRD-K56851771,10.0,24.0,A549
BRD-K56957086,10.0,24.0,A549
BRD-K57041787,10.0,24.0,A549
BRD-K57080016,10.0,24.0,A549
BRD-K57169635,10.0,24.0,A549
BRD-K57222227,10.0,24.0,A549
BRD-K57252450,10.0,24.0,A549
BRD-K57371763,10.0,24.0,A549
BRD-K57432881,10.0,24.0,A549
BRD-K57545991,10.0,24.0,A549
BRD-K57569181,10.0,24.0,A549
BRD-K57631554,10.0,24.0,A549
BRD-K57764956,10.0,24.0,A549
BRD-K58010567,10.0,24.0,A549
BRD-K58114536,10.0,24.0,A549
BRD-K58211978,10.0,24.0,A549
BRD-K58435339,10.0,24.0,A549
BRD-K58486055,10.0,24.0,A549
BRD-K58501140,10.0,24.0,A549
BRD-K58626373,10.0,24.0,A549
BRD-K58736316,10.0,24.0,A549
BRD-K58951486,10.0,24.0,A549
BRD-K59013864,10.0,24.0,A549
BRD-K59037100,10.0,24.0,A549
BRD-K59058766,10.0,24.0,A549
BRD-K59197931,10.0,24.0,A549
BRD-K59227464,10.0,24.0,A549
BRD-K59273480,10.0,24.0,A549
BRD-K59317601,10.0,24.0,A549
BRD-K59325863,10.0,24.0,A549
BRD-K59331299,10.0,24.0,A549
BRD-K59332007,10.0,24.0,A549
BRD-K59369769,10.0,24.0,A549
BRD-K59433843,10.0,24.0,A549
BRD-K59436580,10.0,24.0,A549
BRD-K59506194,10.0,24.0,A549
BRD-K59524082,10.0,24.0,A549
BRD-K59573506,10.0,24.0,A549
BRD-K59574735,10.0,24.0,A549
BRD-K59632282,10.0,24.0,A549
BRD-K59715032,10.0,24.0,A549
BRD-K59875992,10.0,24.0,A549
BRD-K59929863,10.0,24.0,A549
BRD-K60160658,10.0,24.0,A549
BRD-K60237333,10.0,24.0,A549
BRD-K60240222,10.0,24.0,A549
BRD-K60341624,10.0,24.0,A549
BRD-K60585088,10.0,24.0,A549
BRD-K60866521,10.0,24.0,A549
BRD-K60997853,10.0,24.0,A549
BRD-K61036791,10.0,24.0,A549
BRD-K61195623,10.0,24.0,A549
BRD-K61250553,10.0,24.0,A549
BRD-K61397605,10.0,24.0,A549
BRD-K61443650,10.0,24.0,A549
BRD-K61452026,10.0,24.0,A549
BRD-K61567297,10.0,24.0,A549
BRD-K61691541,10.0,24.0,A549
BRD-K61693562,10.0,24.0,A549
BRD-K61988078,10.0,24.0,A549
BRD-K62196610,10.0,24.0,A549
BRD-K62200014,10.0,24.0,A549
BRD-K62310379,10.0,24.0,A549
BRD-K62363391,10.0,24.0,A549
BRD-K62387885,10.0,24.0,A549
BRD-K62391742,10.0,24.0,A549
BRD-K62398570,10.0,24.0,A549
BRD-K62562723,10.0,24.0,A549
BRD-K62627508,10.0,24.0,A549
BRD-K62676709,10.0,24.0,A549
BRD-K62685538,10.0,24.0,A549
BRD-K62734952,10.0,24.0,A549
BRD-K62737565,10.0,24.0,A549
BRD-K62762455,10.0,24.0,A549
BRD-K62858456,10.0,24.0,A549
BRD-K62965247,10.0,24.0,A549
BRD-K62996583,10.0,24.0,A549
BRD-K63126190,10.0,24.0,A549
BRD-K63150726,10.0,24.0,A549
BRD-K63178091,10.0,24.0,A549
BRD-K63343048,10.0,24.0,A549
BRD-K63430059,10.0,24.0,A549
BRD-K63504947,10.0,24.0,A549
BRD-K63550407,10.0,24.0,A549
BRD-K63630713,10.0,24.0,A549
BRD-K63675182,10.0,24.0,A549
BRD-K63736853,10.0,24.0,A549
BRD-K63750851,10.0,24.0,A549
BRD-K63828191,10.0,24.0,A549
BRD-K63861289,10.0,24.0,A549
BRD-K64052750,10.0,24.0,A549
BRD-K64338723,10.0,24.0,A549
BRD-K64504314,10.0,24.0,A549
BRD-K64538373,10.0,24.0,A549
BRD-K64622987,10.0,24.0,A549
BRD-K64755930,10.0,24.0,A549
BRD-K64785675,10.0,24.0,A549
BRD-K64800655,10.0,24.0,A549
BRD-K64838454,10.0,24.0,A549
BRD-K64890080,10.0,24.0,A549
BRD-K64925568,10.0,24.0,A549
BRD-K64931368,10.0,24.0,A549
BRD-K64990520,10.0,24.0,A549
BRD-K65170927,10.0,24.0,A549
BRD-K65428967,10.0,24.0,A549
BRD-K65678996,10.0,24.0,A549
BRD-K65781196,10.0,24.0,A549
BRD-K65820248,10.0,24.0,A549
BRD-K65928735,10.0,24.0,A549
BRD-K65991129,10.0,24.0,A549
BRD-K65992024,10.0,24.0,A549
BRD-K66035042,10.0,24.0,A549
BRD-K66175015,10.0,24.0,A549
BRD-K66404838,10.0,24.0,A549
BRD-K66412701,10.0,24.0,A549
BRD-K66538826,10.0,24.0,A549
BRD-K66615216,10.0,24.0,A549
BRD-K66876909,10.0,24.0,A549
BRD-K66911501,10.0,24.0,A549
BRD-K66937583,10.0,24.0,A549
BRD-K67017579,10.0,24.0,A549
BRD-K67043667,10.0,24.0,A549
BRD-K67068943,10.0,24.0,A549
BRD-K67080878,10.0,24.0,A549
BRD-K67102207,10.0,24.0,A549
BRD-K67121414,10.0,24.0,A549
BRD-K67174965,10.0,24.0,A549
BRD-K67277431,10.0,24.0,A549
BRD-K67525671,10.0,24.0,A549
BRD-K67680372,10.0,24.0,A549
BRD-K67783091,10.0,24.0,A549
BRD-K67789209,10.0,24.0,A549
BRD-K67844266,10.0,24.0,A549
BRD-K67901620,10.0,24.0,A549
BRD-K67966701,10.0,24.0,A549
BRD-K68065987,10.0,24.0,A549
BRD-K68095457,10.0,24.0,A549
BRD-K68103045,10.0,24.0,A549
BRD-K68132782,10.0,24.0,A549
BRD-K68164687,10.0,24.0,A549
BRD-K68232413,10.0,24.0,A549
BRD-K68232650,10.0,24.0,A549
BRD-K68346641,10.0,24.0,A549
BRD-K68392338,10.0,24.0,A549
BRD-K68488863,10.0,24.0,A549
BRD-K68532323,10.0,24.0,A549
BRD-K68552125,10.0,24.0,A549
BRD-K68693535,10.0,24.0,A549
BRD-K68747584,10.0,24.0,A549
BRD-K68867920,10.0,24.0,A549
BRD-K68870568,10.0,24.0,A549
BRD-K68938568,10.0,24.0,A549
BRD-K69001009,10.0,24.0,A549
BRD-K69116396,10.0,24.0,A549
BRD-K69122748,10.0,24.0,A549
BRD-K69236721,10.0,24.0,A549
BRD-K69247067,10.0,24.0,A549
BRD-K69726342,10.0,24.0,A549
BRD-K69726595,10.0,24.0,A549
BRD-K69776681,10.0,24.0,A549
BRD-K70301465,10.0,24.0,A549
BRD-K70301876,10.0,24.0,A549
BRD-K70330367,10.0,24.0,A549
BRD-K70358946,10.0,24.0,A549
BRD-K70401845,10.0,24.0,A549
BRD-K70463136,10.0,24.0,A549
BRD-K70464547,10.0,24.0,A549
BRD-K70490179,10.0,24.0,A549
BRD-K70505054,10.0,24.0,A549
BRD-K70507123,10.0,24.0,A549
BRD-K70511574,10.0,24.0,A549
BRD-K70557564,10.0,24.0,A549
BRD-K70592483,10.0,24.0,A549
BRD-K70610771,10.0,24.0,A549
BRD-K70778732,10.0,24.0,A549
BRD-K70912147,10.0,24.0,A549
BRD-K70914287,10.0,24.0,A549
BRD-K70924353,10.0,24.0,A549
BRD-K71035033,10.0,24.0,A549
BRD-K71058253,10.0,24.0,A549
BRD-K71075609,10.0,24.0,A549
BRD-K71103788,10.0,24.0,A549
BRD-K71106091,10.0,24.0,A549
BRD-K71164191,10.0,24.0,A549
BRD-K71221037,10.0,24.0,A549
BRD-K71281111,10.0,24.0,A549
BRD-K71289571,10.0,24.0,A549
BRD-K71480163,10.0,24.0,A549
BRD-K71603915,10.0,24.0,A549
BRD-K71799949,10.0,24.0,A549
BRD-K71822263,10.0,24.0,A549
BRD-K72005722,10.0,24.0,A549
BRD-K72029282,10.0,24.0,A549
BRD-K72093121,10.0,24.0,A549
BRD-K72166146,10.0,24.0,A549
BRD-K72215350,10.0,24.0,A549
BRD-K72222507,10.0,24.0,A549
BRD-K72414522,10.0,24.0,A549
BRD-K72827473,10.0,24.0,A549
BRD-K72922393,10.0,24.0,A549
BRD-K72951360,10.0,24.0,A549
BRD-K73088654,10.0,24.0,A549
BRD-K73107279,10.0,24.0,A549
BRD-K73109821,10.0,24.0,A549
BRD-K73196317,10.0,24.0,A549
BRD-K73237276,10.0,24.0,A549
BRD-K73319509,10.0,24.0,A549
BRD-K73381542,10.0,24.0,A549
BRD-K73440166,10.0,24.0,A549
BRD-K73524797,10.0,24.0,A549
BRD-K73541271,10.0,24.0,A549
BRD-K73794685,10.0,24.0,A549
BRD-K73815512,10.0,24.0,A549
BRD-K73999723,10.0,24.0,A549
BRD-K74057757,10.0,24.0,A549
BRD-K74065929,10.0,24.0,A549
BRD-K74141488,10.0,24.0,A549
BRD-K74190368,10.0,24.0,A549
BRD-K74195153,10.0,24.0,A549
BRD-K74305673,10.0,24.0,A549
BRD-K74339692,10.0,24.0,A549
BRD-K74363950,10.0,24.0,A549
BRD-K74371986,10.0,24.0,A549
BRD-K74514084,10.0,24.0,A549
BRD-K74717603,10.0,24.0,A549
BRD-K74763371,10.0,24.0,A549
BRD-K75037734,10.0,24.0,A549
BRD-K75089421,10.0,24.0,A549
BRD-K75295174,10.0,24.0,A549
BRD-K75641298,10.0,24.0,A549
BRD-K75649340,10.0,24.0,A549
BRD-K75699339,10.0,24.0,A549
BRD-K75844781,10.0,24.0,A549
BRD-K75911534,10.0,24.0,A549
BRD-K75958547,10.0,24.0,A549
BRD-K76022557,10.0,24.0,A549
BRD-K76197012,10.0,24.0,A549
BRD-K76205745,10.0,24.0,A549
BRD-K76210423,10.0,24.0,A549
BRD-K76617868,10.0,24.0,A549
BRD-K76674262,10.0,24.0,A549
BRD-K76775527,10.0,24.0,A549
BRD-K76810206,10.0,24.0,A549
BRD-K76812510,10.0,24.0,A549
BRD-K76841105,10.0,24.0,A549
BRD-K76908866,10.0,24.0,A549
BRD-K76953762,10.0,24.0,A549
BRD-K77396579,10.0,24.0,A549
BRD-K77625799,10.0,24.0,A549
BRD-K77641333,10.0,24.0,A549
BRD-K77685957,10.0,24.0,A549
BRD-K77695569,10.0,24.0,A549
BRD-K77908580,10.0,24.0,A549
BRD-K77947974,10.0,24.0,A549
BRD-K77987382,10.0,24.0,A549
BRD-K78096648,10.0,24.0,A549
BRD-K78113049,10.0,24.0,A549
BRD-K78118466,10.0,24.0,A549
BRD-K78126613,10.0,24.0,A549
BRD-K78303961,10.0,24.0,A549
BRD-K78431006,10.0,24.0,A549
BRD-K78485176,10.0,24.0,A549
BRD-K78513633,10.0,24.0,A549
BRD-K78659596,10.0,24.0,A549
BRD-K78692225,10.0,24.0,A549
BRD-K79095980,10.0,24.0,A549
BRD-K79102359,10.0,24.0,A549
BRD-K79131256,10.0,24.0,A549
BRD-K79254416,10.0,24.0,A549
BRD-K79404599,10.0,24.0,A549
BRD-K79501723,10.0,24.0,A549
BRD-K79595931,10.0,24.0,A549
BRD-K79602928,10.0,24.0,A549
BRD-K79759585,10.0,24.0,A549
BRD-K79989959,10.0,24.0,A549
BRD-K80043866,10.0,24.0,A549
BRD-K80082640,10.0,24.0,A549
BRD-K80267133,10.0,24.0,A549
BRD-K80343549,10.0,24.0,A549
BRD-K80396088,10.0,24.0,A549
BRD-K80608265,10.0,24.0,A549
BRD-K80700417,10.0,24.0,A549
BRD-K80738081,10.0,24.0,A549
BRD-K81144366,10.0,24.0,A549
BRD-K81258678,10.0,24.0,A549
BRD-K81272440,10.0,24.0,A549
BRD-K81332461,10.0,24.0,A549
BRD-K81458380,10.0,24.0,A549
BRD-K81473089,10.0,24.0,A549
BRD-K81528515,10.0,24.0,A549
BRD-K81672972,10.0,24.0,A549
BRD-K81694556,10.0,24.0,A549
BRD-K81795818,10.0,24.0,A549
BRD-K81916719,10.0,24.0,A549
BRD-K81957469,10.0,24.0,A549
BRD-K82135108,10.0,24.0,A549
BRD-K82225283,10.0,24.0,A549
BRD-K82234479,10.0,24.0,A549
BRD-K82236179,10.0,24.0,A549
BRD-K82244583,10.0,24.0,A549
BRD-K82467063,10.0,24.0,A549
BRD-K82522873,10.0,24.0,A549
BRD-K82603084,10.0,24.0,A549
BRD-K82677201,10.0,24.0,A549
BRD-K82746043,10.0,24.0,A549
BRD-K82767007,10.0,24.0,A549
BRD-K82795137,10.0,24.0,A549
BRD-K82846253,10.0,24.0,A549
BRD-K82928847,10.0,24.0,A549
BRD-K82941592,10.0,24.0,A549
BRD-K82967685,10.0,24.0,A549
BRD-K83057217,10.0,24.0,A549
BRD-K83186168,10.0,24.0,A549
BRD-K83405785,10.0,24.0,A549
BRD-K83508485,10.0,24.0,A549
BRD-K83699324,10.0,24.0,A549
BRD-K83720053,10.0,24.0,A549
BRD-K83794243,10.0,24.0,A549
BRD-K83837640,10.0,24.0,A549
BRD-K83963101,10.0,24.0,A549
BRD-K84011460,10.0,24.0,A549
BRD-K84091759,10.0,24.0,A549
BRD-K84163249,10.0,24.0,A549
BRD-K84466663,10.0,24.0,A549
BRD-K84564571,10.0,24.0,A549
BRD-K84683831,10.0,24.0,A549
BRD-K84698278,10.0,24.0,A549
BRD-K84748119,10.0,24.0,A549
BRD-K84783599,10.0,24.0,A549
BRD-K84794093,10.0,24.0,A549
BRD-K84798689,10.0,24.0,A549
BRD-K84810405,10.0,24.0,A549
BRD-K84892605,10.0,24.0,A549
BRD-K84925803,10.0,24.0,A549
BRD-K84986517,10.0,24.0,A549
BRD-K84996356,10.0,24.0,A549
BRD-K85090592,10.0,24.0,A549
BRD-K85119730,10.0,24.0,A549
BRD-K85140930,10.0,24.0,A549
BRD-K85307935,10.0,24.0,A549
BRD-K85337334,10.0,24.0,A549
BRD-K85406984,10.0,24.0,A549
BRD-K85606544,10.0,24.0,A549
BRD-K85679373,10.0,24.0,A549
BRD-K85751432,10.0,24.0,A549
BRD-K85833139,10.0,24.0,A549
BRD-K85925969,10.0,24.0,A549
BRD-K86118762,10.0,24.0,A549
BRD-K86301799,10.0,24.0,A549
BRD-K86307448,10.0,24.0,A549
BRD-K86525559,10.0,24.0,A549
BRD-K86797399,10.0,24.0,A549
BRD-K86816506,10.0,24.0,A549
BRD-K86882815,10.0,24.0,A549
BRD-K86892782,10.0,24.0,A549
BRD-K86930074,10.0,24.0,A549
BRD-K87156652,10.0,24.0,A549
BRD-K87300616,10.0,24.0,A549
BRD-K87737963,10.0,24.0,A549
BRD-K87782578,10.0,24.0,A549
BRD-K87909389,10.0,24.0,A549
BRD-K88358234,10.0,24.0,A549
BRD-K88366685,10.0,24.0,A549
BRD-K88429204,10.0,24.0,A549
BRD-K88506063,10.0,24.0,A549
BRD-K88510285,10.0,24.0,A549
BRD-K88544581,10.0,24.0,A549
BRD-K88611939,10.0,24.0,A549
BRD-K89162000,10.0,24.0,A549
BRD-K89208535,10.0,24.0,A549
BRD-K89274813,10.0,24.0,A549
BRD-K89348303,10.0,24.0,A549
BRD-K89375097,10.0,24.0,A549
BRD-K89917372,10.0,24.0,A549
BRD-K89997465,10.0,24.0,A549
BRD-K90195324,10.0,24.0,A549
BRD-K90333595,10.0,24.0,A549
BRD-K90777969,10.0,24.0,A549
BRD-K90825648,10.0,24.0,A549
BRD-K90868879,10.0,24.0,A549
BRD-K90948141,10.0,24.0,A549
BRD-K91111634,10.0,24.0,A549
BRD-K91159026,10.0,24.0,A549
BRD-K91263825,10.0,24.0,A549
BRD-K91301684,10.0,24.0,A549
BRD-K91308639,10.0,24.0,A549
BRD-K91315211,10.0,24.0,A549
BRD-K91336023,10.0,24.0,A549
BRD-K91456750,10.0,24.0,A549
BRD-K91495480,10.0,24.0,A549
BRD-K91544578,10.0,24.0,A549
BRD-K91601245,10.0,24.0,A549
BRD-K91740057,10.0,24.0,A549
BRD-K91822704,10.0,24.0,A549
BRD-K91825936,10.0,24.0,A549
BRD-K92041145,10.0,24.0,A549
BRD-K92049597,10.0,24.0,A549
BRD-K92093830,10.0,24.0,A549
BRD-K92213669,10.0,24.0,A549
BRD-K92241597,10.0,24.0,A549
BRD-K92303087,10.0,24.0,A549
BRD-K92428153,10.0,24.0,A549
BRD-K92428232,10.0,24.0,A549
BRD-K92441787,10.0,24.0,A549
BRD-K92467929,10.0,24.0,A549
BRD-K92613113,10.0,24.0,A549
BRD-K92657060,10.0,24.0,A549
BRD-K92723993,10.0,24.0,A549
BRD-K92848252,10.0,24.0,A549
BRD-K92968657,10.0,24.0,A549
BRD-K92984783,10.0,24.0,A549
BRD-K93034159,10.0,24.0,A549
BRD-K93123848,10.0,24.0,A549
BRD-K93208532,10.0,24.0,A549
BRD-K93255255,10.0,24.0,A549
BRD-K93460210,10.0,24.0,A549
BRD-K93461745,10.0,24.0,A549
BRD-K93618743,10.0,24.0,A549
BRD-K93633846,10.0,24.0,A549
BRD-K93645900,10.0,24.0,A549
BRD-K93754473,10.0,24.0,A549
BRD-K93767137,10.0,24.0,A549
BRD-K93779381,10.0,24.0,A549
BRD-K93869735,10.0,24.0,A549
BRD-K93880783,10.0,24.0,A549
BRD-K93918653,10.0,24.0,A549
BRD-K94288301,10.0,24.0,A549
BRD-K94293891,10.0,24.0,A549
BRD-K94397152,10.0,24.0,A549
BRD-K94420399,10.0,24.0,A549
BRD-K94436377,10.0,24.0,A549
BRD-K94534639,10.0,24.0,A549
BRD-K94830329,10.0,24.0,A549
BRD-K95142244,10.0,24.0,A549
BRD-K95237249,10.0,24.0,A549
BRD-K95260951,10.0,24.0,A549
BRD-K95412502,10.0,24.0,A549
BRD-K95739795,10.0,24.0,A549
BRD-K95763993,10.0,24.0,A549
BRD-K95773607,10.0,24.0,A549
BRD-K95880107,10.0,24.0,A549
BRD-K95901403,10.0,24.0,A549
BRD-K95921201,10.0,24.0,A549
BRD-K96042922,10.0,24.0,A549
BRD-K96123349,10.0,24.0,A549
BRD-K96194081,10.0,24.0,A549
BRD-K96319534,10.0,24.0,A549
BRD-K96342952,10.0,24.0,A549
BRD-K96550715,10.0,24.0,A549
BRD-K96615647,10.0,24.0,A549
BRD-K96671969,10.0,24.0,A549
BRD-K96720755,10.0,24.0,A549
BRD-K96740444,10.0,24.0,A549
BRD-K96862998,10.0,24.0,A549
BRD-K96936751,10.0,24.0,A549
BRD-K97010173,10.0,24.0,A549
BRD-K97045029,10.0,24.0,A549
BRD-K97101532,10.0,24.0,A549
BRD-K97158071,10.0,24.0,A549
BRD-K97181089,10.0,24.0,A549
BRD-K97309399,10.0,24.0,A549
BRD-K97399794,10.0,24.0,A549
BRD-K97428065,10.0,24.0,A549
BRD-K97440753,10.0,24.0,A549
BRD-K97472745,10.0,24.0,A549
BRD-K97530723,10.0,24.0,A549
BRD-K97564742,10.0,24.0,A549
BRD-K97643133,10.0,24.0,A549
BRD-K97729603,10.0,24.0,A549
BRD-K97746869,10.0,24.0,A549
BRD-K97799481,10.0,24.0,A549
BRD-K97884852,10.0,24.0,A549
BRD-K97963946,10.0,24.0,A549
BRD-K98004573,10.0,24.0,A549
BRD-K98493452,10.0,24.0,A549
BRD-K98530306,10.0,24.0,A549
BRD-K98572433,10.0,24.0,A549
BRD-K98624455,10.0,24.0,A549
BRD-K98733875,10.0,24.0,A549
BRD-K98769987,10.0,24.0,A549
BRD-K99023089,10.0,24.0,A549
BRD-K99113996,10.0,24.0,A549
BRD-K99257182,10.0,24.0,A549
BRD-K99383816,10.0,24.0,A549
BRD-K99451608,10.0,24.0,A549
BRD-K99475619,10.0,24.0,A549
BRD-K99504665,10.0,24.0,A549
BRD-K99545815,10.0,24.0,A549
BRD-K99604664,10.0,24.0,A549
BRD-K99749624,10.0,24.0,A549
BRD-K99792991,10.0,24.0,A549
BRD-K99964838,10.0,24.0,A549
BRD-M39350793,10.0,24.0,A549
BRD-M80207679,10.0,24.0,A549
BRD-M89827113,10.0,24.0,A549
