heldout_perturbation_ids	space	label_col	recall_at_1	recall_at_5	map	median_rank
1,2,3	endpoint	condition_key	0.2222222222222222	0.7037037037037037	0.33219676403790954	3.0
1,2,3	endpoint	perturbation_label	0.2962962962962963	0.8148148148148148	0.40087286444254216	2.0
1,2,3	endpoint	cell_line_label	0.7407407407407407	1.0	0.6360925969675507	1.0
1,2,3	delta	condition_key	0.37037037037037035	0.7037037037037037	0.3452870172500699	2.0
1,2,3	delta	perturbation_label	0.4074074074074074	0.7777777777777778	0.44859036702049737	2.0
1,2,3	delta	cell_line_label	0.7037037037037037	1.0	0.5117445524850148	1.0
1,2,4	endpoint	condition_key	0.2222222222222222	0.7407407407407407	0.33652606157048204	4.0
1,2,4	endpoint	perturbation_label	0.3333333333333333	0.7777777777777778	0.4144166072334253	2.0
1,2,4	endpoint	cell_line_label	0.7407407407407407	1.0	0.6220910591083081	1.0
1,2,4	delta	condition_key	0.37037037037037035	0.6296296296296297	0.33098139182589265	3.0
1,2,4	delta	perturbation_label	0.4444444444444444	0.8148148148148148	0.42297176694501826	2.0
1,2,4	delta	cell_line_label	0.5185185185185185	0.9629629629629629	0.5051869650307288	1.0
1,2,5	endpoint	condition_key	0.18518518518518517	0.5555555555555556	0.29755418532594313	4.0
1,2,5	endpoint	perturbation_label	0.2962962962962963	0.8888888888888888	0.4016239596673008	2.0
1,2,5	endpoint	cell_line_label	0.7407407407407407	1.0	0.5763667931188857	1.0
1,2,5	delta	condition_key	0.2222222222222222	0.5925925925925926	0.2591189818039426	5.0
1,2,5	delta	perturbation_label	0.37037037037037035	0.7037037037037037	0.4099415757830603	3.0
1,2,5	delta	cell_line_label	0.48148148148148145	0.9629629629629629	0.4436397133857869	2.0
1,2,6	endpoint	condition_key	0.2222222222222222	0.5925925925925926	0.34146749598980103	2.0
1,2,6	endpoint	perturbation_label	0.3333333333333333	0.7407407407407407	0.40748773340238803	2.0
1,2,6	endpoint	cell_line_label	0.8148148148148148	1.0	0.6489405331664313	1.0
1,2,6	delta	condition_key	0.25925925925925924	0.5925925925925926	0.2790590154133675	4.0
1,2,6	delta	perturbation_label	0.37037037037037035	0.8148148148148148	0.4136788499623461	2.0
1,2,6	delta	cell_line_label	0.6666666666666666	1.0	0.4985080705564496	1.0
1,2,7	endpoint	condition_key	0.25925925925925924	0.7037037037037037	0.3400905271925248	3.0
1,2,7	endpoint	perturbation_label	0.37037037037037035	0.8148148148148148	0.4155470198515762	2.0
1,2,7	endpoint	cell_line_label	0.7407407407407407	1.0	0.6144904337765023	1.0
1,2,7	delta	condition_key	0.3333333333333333	0.7407407407407407	0.3254161845631462	2.0
1,2,7	delta	perturbation_label	0.4444444444444444	0.7777777777777778	0.4932428304122275	2.0
1,2,7	delta	cell_line_label	0.5555555555555556	1.0	0.4683195205180535	1.0
1,2,8	endpoint	condition_key	0.2222222222222222	0.5185185185185185	0.318502506852716	5.0
1,2,8	endpoint	perturbation_label	0.2962962962962963	0.6296296296296297	0.420223997356502	3.0
1,2,8	endpoint	cell_line_label	0.7407407407407407	1.0	0.5696934577696738	1.0
1,2,8	delta	condition_key	0.18518518518518517	0.6296296296296297	0.26567307722075323	4.0
1,2,8	delta	perturbation_label	0.25925925925925924	0.6666666666666666	0.4041848410424886	2.0
1,2,8	delta	cell_line_label	0.6666666666666666	1.0	0.48899200450886454	1.0
1,3,4	endpoint	condition_key	0.37037037037037035	0.8518518518518519	0.3995660619172457	2.0
1,3,4	endpoint	perturbation_label	0.37037037037037035	0.8888888888888888	0.4087361057985687	2.0
1,3,4	endpoint	cell_line_label	0.9629629629629629	1.0	0.7350970891003489	1.0
1,3,4	delta	condition_key	0.3333333333333333	0.8148148148148148	0.3563419841673233	2.0
1,3,4	delta	perturbation_label	0.37037037037037035	0.9629629629629629	0.4286326257409965	2.0
1,3,4	delta	cell_line_label	0.6296296296296297	1.0	0.538709404155159	1.0
1,3,5	endpoint	condition_key	0.14814814814814814	0.8888888888888888	0.34933137775327794	2.0
1,3,5	endpoint	perturbation_label	0.14814814814814814	1.0	0.38842399206497447	2.0
1,3,5	endpoint	cell_line_label	0.9259259259259259	1.0	0.7302682922658984	1.0
1,3,5	delta	condition_key	0.4074074074074074	0.7777777777777778	0.34239189644655216	2.0
1,3,5	delta	perturbation_label	0.4444444444444444	0.8888888888888888	0.43812616778202096	2.0
1,3,5	delta	cell_line_label	0.7407407407407407	1.0	0.5231473878929671	1.0
1,3,6	endpoint	condition_key	0.2962962962962963	0.8148148148148148	0.38974735769312074	3.0
1,3,6	endpoint	perturbation_label	0.2962962962962963	0.8888888888888888	0.403559468917841	3.0
1,3,6	endpoint	cell_line_label	0.9629629629629629	1.0	0.7216754647689804	1.0
1,3,6	delta	condition_key	0.3333333333333333	0.8518518518518519	0.31155528575086816	2.0
1,3,6	delta	perturbation_label	0.4444444444444444	0.8888888888888888	0.4376377294505285	2.0
1,3,6	delta	cell_line_label	0.6666666666666666	0.9629629629629629	0.5114547923672242	1.0
1,3,7	endpoint	condition_key	0.37037037037037035	0.8148148148148148	0.3922335603937484	2.0
1,3,7	endpoint	perturbation_label	0.37037037037037035	0.8518518518518519	0.4235294616258357	2.0
1,3,7	endpoint	cell_line_label	0.9259259259259259	1.0	0.6813727236583816	1.0
1,3,7	delta	condition_key	0.48148148148148145	0.9259259259259259	0.37534531354735456	2.0
1,3,7	delta	perturbation_label	0.6296296296296297	0.9629629629629629	0.4864151944254154	1.0
1,3,7	delta	cell_line_label	0.6296296296296297	1.0	0.5218102296827687	1.0
1,3,8	endpoint	condition_key	0.2222222222222222	0.7777777777777778	0.34669042600736716	3.0
1,3,8	endpoint	perturbation_label	0.2222222222222222	0.8518518518518519	0.40107328388795005	2.0
1,3,8	endpoint	cell_line_label	0.8888888888888888	1.0	0.6482242826345476	1.0
1,3,8	delta	condition_key	0.4074074074074074	0.6296296296296297	0.33581056922118974	3.0
1,3,8	delta	perturbation_label	0.48148148148148145	0.7037037037037037	0.44825929020809696	2.0
1,3,8	delta	cell_line_label	0.6296296296296297	0.9629629629629629	0.4968093922308096	1.0
1,4,5	endpoint	condition_key	0.14814814814814814	0.9259259259259259	0.3417040526964723	3.0
1,4,5	endpoint	perturbation_label	0.14814814814814814	0.9629629629629629	0.38733999316985745	2.0
1,4,5	endpoint	cell_line_label	0.9629629629629629	1.0	0.7322171541717772	1.0
1,4,5	delta	condition_key	0.25925925925925924	0.7037037037037037	0.29884754316219087	3.0
1,4,5	delta	perturbation_label	0.3333333333333333	0.8518518518518519	0.4070061255848311	2.0
1,4,5	delta	cell_line_label	0.5555555555555556	0.9259259259259259	0.47633497125842766	1.0
1,4,6	endpoint	condition_key	0.2222222222222222	0.8888888888888888	0.3767887011233531	2.0
1,4,6	endpoint	perturbation_label	0.2222222222222222	0.8888888888888888	0.3903699112225134	2.0
1,4,6	endpoint	cell_line_label	0.8888888888888888	1.0	0.7580214894356005	1.0
1,4,6	delta	condition_key	0.18518518518518517	0.6666666666666666	0.2670219944051974	3.0
1,4,6	delta	perturbation_label	0.3333333333333333	0.8888888888888888	0.4152356737498175	2.0
1,4,6	delta	cell_line_label	0.5185185185185185	1.0	0.4781667289584461	1.0
1,4,7	endpoint	condition_key	0.37037037037037035	0.7407407407407407	0.3763471568373528	2.0
1,4,7	endpoint	perturbation_label	0.37037037037037035	0.7777777777777778	0.40967272291371293	2.0
1,4,7	endpoint	cell_line_label	0.9259259259259259	1.0	0.6889200918062578	1.0
1,4,7	delta	condition_key	0.2962962962962963	0.8518518518518519	0.3327049290189486	2.0
1,4,7	delta	perturbation_label	0.48148148148148145	0.9629629629629629	0.471204858325672	2.0
1,4,7	delta	cell_line_label	0.48148148148148145	1.0	0.4804038054706315	2.0
1,4,8	endpoint	condition_key	0.48148148148148145	0.6666666666666666	0.4105543206788826	2.0
1,4,8	endpoint	perturbation_label	0.48148148148148145	0.7407407407407407	0.4170729525847025	2.0
1,4,8	endpoint	cell_line_label	1.0	1.0	0.7012116383177948	1.0
1,4,8	delta	condition_key	0.2222222222222222	0.6666666666666666	0.2923545098153988	3.0
1,4,8	delta	perturbation_label	0.3333333333333333	0.7407407407407407	0.40500306613236997	2.0
1,4,8	delta	cell_line_label	0.5555555555555556	1.0	0.48599307716579204	1.0
1,5,6	endpoint	condition_key	0.2962962962962963	0.8518518518518519	0.3718744243669711	2.0
1,5,6	endpoint	perturbation_label	0.2962962962962963	0.9259259259259259	0.39335990612770466	2.0
1,5,6	endpoint	cell_line_label	0.9629629629629629	1.0	0.7409319955309146	1.0
1,5,6	delta	condition_key	0.25925925925925924	0.8518518518518519	0.29132582221901854	4.0
1,5,6	delta	perturbation_label	0.37037037037037035	0.9629629629629629	0.4116163192461118	2.0
1,5,6	delta	cell_line_label	0.5185185185185185	0.9629629629629629	0.4825399654173488	1.0
1,5,7	endpoint	condition_key	0.2222222222222222	0.7037037037037037	0.336294698811587	2.0
1,5,7	endpoint	perturbation_label	0.2222222222222222	0.8518518518518519	0.4041088557667106	2.0
1,5,7	endpoint	cell_line_label	0.9629629629629629	1.0	0.6746208460566564	1.0
1,5,7	delta	condition_key	0.2222222222222222	0.8148148148148148	0.30053153069126504	3.0
1,5,7	delta	perturbation_label	0.2222222222222222	0.9259259259259259	0.4462342454147094	2.0
1,5,7	delta	cell_line_label	0.5185185185185185	1.0	0.48009232961612186	1.0
1,5,8	endpoint	condition_key	0.1111111111111111	0.5925925925925926	0.3006411382466058	4.0
1,5,8	endpoint	perturbation_label	0.1111111111111111	0.7407407407407407	0.39628996084675283	3.0
1,5,8	endpoint	cell_line_label	0.8518518518518519	1.0	0.6212530270096466	1.0
1,5,8	delta	condition_key	0.18518518518518517	0.5555555555555556	0.26001966975178814	4.0
1,5,8	delta	perturbation_label	0.2962962962962963	0.7407407407407407	0.39749652265142515	2.0
1,5,8	delta	cell_line_label	0.48148148148148145	0.9259259259259259	0.45947631903565345	2.0
1,6,7	endpoint	condition_key	0.2222222222222222	0.6666666666666666	0.377031165782705	3.0
1,6,7	endpoint	perturbation_label	0.2222222222222222	0.7407407407407407	0.39731395149814214	3.0
1,6,7	endpoint	cell_line_label	0.8888888888888888	1.0	0.7100830744322383	1.0
1,6,7	delta	condition_key	0.37037037037037035	0.7407407407407407	0.3213382348793999	3.0
1,6,7	delta	perturbation_label	0.4074074074074074	0.8148148148148148	0.44994022770099673	2.0
1,6,7	delta	cell_line_label	0.7407407407407407	1.0	0.5082348442745386	1.0
1,6,8	endpoint	condition_key	0.2222222222222222	0.5925925925925926	0.3544358977246735	4.0
1,6,8	endpoint	perturbation_label	0.25925925925925924	0.6666666666666666	0.4021374157683357	3.0
1,6,8	endpoint	cell_line_label	0.8518518518518519	1.0	0.6705374973028597	1.0
1,6,8	delta	condition_key	0.14814814814814814	0.5555555555555556	0.24432448058321138	4.0
1,6,8	delta	perturbation_label	0.2222222222222222	0.6666666666666666	0.3913869988114897	3.0
1,6,8	delta	cell_line_label	0.5555555555555556	1.0	0.47108719715380876	1.0
1,7,8	endpoint	condition_key	0.2962962962962963	0.7037037037037037	0.3537767500043216	3.0
1,7,8	endpoint	perturbation_label	0.2962962962962963	0.8888888888888888	0.4099969190931079	2.0
1,7,8	endpoint	cell_line_label	0.9629629629629629	1.0	0.6438137425011106	1.0
1,7,8	delta	condition_key	0.25925925925925924	0.6666666666666666	0.3003736509681929	3.0
1,7,8	delta	perturbation_label	0.37037037037037035	0.6666666666666666	0.4547714550995861	2.0
1,7,8	delta	cell_line_label	0.48148148148148145	1.0	0.4673203701770014	2.0
2,3,4	endpoint	condition_key	0.2962962962962963	0.6666666666666666	0.368516358669051	3.0
2,3,4	endpoint	perturbation_label	0.37037037037037035	0.7407407407407407	0.4194348369904166	2.0
2,3,4	endpoint	cell_line_label	0.7407407407407407	1.0	0.658701116486497	1.0
2,3,4	delta	condition_key	0.4074074074074074	0.7037037037037037	0.3502179647751306	2.0
2,3,4	delta	perturbation_label	0.48148148148148145	0.8518518518518519	0.4387157993919118	2.0
2,3,4	delta	cell_line_label	0.8148148148148148	1.0	0.5473319721719885	1.0
2,3,5	endpoint	condition_key	0.1111111111111111	0.5925925925925926	0.2840091007193404	4.0
2,3,5	endpoint	perturbation_label	0.2222222222222222	0.8888888888888888	0.39181911788870005	2.0
2,3,5	endpoint	cell_line_label	0.5185185185185185	0.9629629629629629	0.5879794098415401	1.0
2,3,5	delta	condition_key	0.25925925925925924	0.5555555555555556	0.30812296886510554	5.0
2,3,5	delta	perturbation_label	0.37037037037037035	0.6666666666666666	0.47024605574364703	2.0
2,3,5	delta	cell_line_label	0.5925925925925926	1.0	0.4599434812673805	1.0
2,3,6	endpoint	condition_key	0.18518518518518517	0.6666666666666666	0.33543229814585057	3.0
2,3,6	endpoint	perturbation_label	0.25925925925925924	0.7777777777777778	0.40898634191341365	3.0
2,3,6	endpoint	cell_line_label	0.8148148148148148	1.0	0.6609069983976505	1.0
2,3,6	delta	condition_key	0.3333333333333333	0.6666666666666666	0.3237454338331407	2.0
2,3,6	delta	perturbation_label	0.4444444444444444	0.8518518518518519	0.46930133078047326	2.0
2,3,6	delta	cell_line_label	0.7407407407407407	1.0	0.5031026636056516	1.0
2,3,7	endpoint	condition_key	0.2222222222222222	0.6666666666666666	0.33564201078409667	3.0
2,3,7	endpoint	perturbation_label	0.2962962962962963	0.7407407407407407	0.4102155248100153	3.0
2,3,7	endpoint	cell_line_label	0.7407407407407407	1.0	0.6540396767552775	1.0
2,3,7	delta	condition_key	0.4074074074074074	0.7777777777777778	0.3615499736322787	2.0
2,3,7	delta	perturbation_label	0.48148148148148145	0.8518518518518519	0.5080416779335349	2.0
2,3,7	delta	cell_line_label	0.6666666666666666	1.0	0.49785132862830955	1.0
2,3,8	endpoint	condition_key	0.2962962962962963	0.5555555555555556	0.3459142701169319	4.0
2,3,8	endpoint	perturbation_label	0.3333333333333333	0.7777777777777778	0.4156198479323155	3.0
2,3,8	endpoint	cell_line_label	0.7037037037037037	0.9629629629629629	0.5884275065822772	1.0
2,3,8	delta	condition_key	0.25925925925925924	0.6296296296296297	0.31224557054363167	4.0
2,3,8	delta	perturbation_label	0.3333333333333333	0.7037037037037037	0.47151671097307485	3.0
2,3,8	delta	cell_line_label	0.7037037037037037	1.0	0.48053734536788106	1.0
2,4,5	endpoint	condition_key	0.14814814814814814	0.5925925925925926	0.293101009460372	4.0
2,4,5	endpoint	perturbation_label	0.3333333333333333	0.7777777777777778	0.4191169778761491	2.0
2,4,5	endpoint	cell_line_label	0.5925925925925926	0.9629629629629629	0.5941451804504589	1.0
2,4,5	delta	condition_key	0.25925925925925924	0.7037037037037037	0.3141989236532019	3.0
2,4,5	delta	perturbation_label	0.4074074074074074	0.8148148148148148	0.43795933596981873	2.0
2,4,5	delta	cell_line_label	0.5555555555555556	1.0	0.47152779066394207	1.0
2,4,6	endpoint	condition_key	0.3333333333333333	0.7037037037037037	0.369207561906482	3.0
2,4,6	endpoint	perturbation_label	0.37037037037037035	0.8148148148148148	0.4166803741115995	2.0
2,4,6	endpoint	cell_line_label	0.8148148148148148	0.9629629629629629	0.6667342601860647	1.0
2,4,6	delta	condition_key	0.3333333333333333	0.7037037037037037	0.3175171685572742	3.0
2,4,6	delta	perturbation_label	0.48148148148148145	0.8888888888888888	0.439152295531737	2.0
2,4,6	delta	cell_line_label	0.6666666666666666	0.9259259259259259	0.5218540054140693	1.0
2,4,7	endpoint	condition_key	0.2962962962962963	0.5925925925925926	0.35473092992470256	3.0
2,4,7	endpoint	perturbation_label	0.37037037037037035	0.7037037037037037	0.43213028325135694	3.0
2,4,7	endpoint	cell_line_label	0.7407407407407407	1.0	0.6277095665227511	1.0
2,4,7	delta	condition_key	0.4444444444444444	0.8148148148148148	0.36237186334564975	2.0
2,4,7	delta	perturbation_label	0.5925925925925926	0.8888888888888888	0.5078013235286077	1.0
2,4,7	delta	cell_line_label	0.7037037037037037	1.0	0.49763643077474096	1.0
2,4,8	endpoint	condition_key	0.25925925925925924	0.48148148148148145	0.33731022891439033	6.0
2,4,8	endpoint	perturbation_label	0.2962962962962963	0.6666666666666666	0.43949849467898516	3.0
2,4,8	endpoint	cell_line_label	0.8888888888888888	1.0	0.5949658590591438	1.0
2,4,8	delta	condition_key	0.25925925925925924	0.6296296296296297	0.3030960564952977	4.0
2,4,8	delta	perturbation_label	0.37037037037037035	0.7777777777777778	0.4392735994947258	2.0
2,4,8	delta	cell_line_label	0.7037037037037037	0.9259259259259259	0.5103263323969134	1.0
2,5,6	endpoint	condition_key	0.25925925925925924	0.6296296296296297	0.320625386939444	4.0
2,5,6	endpoint	perturbation_label	0.48148148148148145	0.8148148148148148	0.41184511604387253	2.0
2,5,6	endpoint	cell_line_label	0.5185185185185185	1.0	0.6030807492672531	1.0
2,5,6	delta	condition_key	0.14814814814814814	0.7037037037037037	0.2599746322830034	4.0
2,5,6	delta	perturbation_label	0.37037037037037035	0.8888888888888888	0.4198788707237454	2.0
2,5,6	delta	cell_line_label	0.4074074074074074	1.0	0.4361741658548674	2.0
2,5,7	endpoint	condition_key	0.1111111111111111	0.6666666666666666	0.273897698841226	4.0
2,5,7	endpoint	perturbation_label	0.2962962962962963	0.8518518518518519	0.405167685293182	3.0
2,5,7	endpoint	cell_line_label	0.6296296296296297	1.0	0.5953819346132669	1.0
2,5,7	delta	condition_key	0.4074074074074074	0.6296296296296297	0.3159761019659291	2.0
2,5,7	delta	perturbation_label	0.5185185185185185	0.7037037037037037	0.49862631962529097	1.0
2,5,7	delta	cell_line_label	0.5925925925925926	1.0	0.44782568599566225	1.0
2,5,8	endpoint	condition_key	0.1111111111111111	0.5925925925925926	0.25955465908193703	5.0
2,5,8	endpoint	perturbation_label	0.2962962962962963	0.8888888888888888	0.4055756269364185	2.0
2,5,8	endpoint	cell_line_label	0.37037037037037035	0.9259259259259259	0.5406316626108475	2.0
2,5,8	delta	condition_key	0.2962962962962963	0.6296296296296297	0.2771528702835195	3.0
2,5,8	delta	perturbation_label	0.4074074074074074	0.7777777777777778	0.4225423790224687	2.0
2,5,8	delta	cell_line_label	0.4444444444444444	0.9629629629629629	0.43902899960227015	2.0
2,6,7	endpoint	condition_key	0.2222222222222222	0.7037037037037037	0.34961482001355765	3.0
2,6,7	endpoint	perturbation_label	0.3333333333333333	0.7407407407407407	0.4188338082644762	3.0
2,6,7	endpoint	cell_line_label	0.7037037037037037	1.0	0.6555665822827877	1.0
2,6,7	delta	condition_key	0.37037037037037035	0.7037037037037037	0.322986322278336	2.0
2,6,7	delta	perturbation_label	0.5185185185185185	0.7777777777777778	0.5017150625705978	1.0
2,6,7	delta	cell_line_label	0.6296296296296297	1.0	0.4879848828353894	1.0
2,6,8	endpoint	condition_key	0.25925925925925924	0.5185185185185185	0.3419128094829051	5.0
2,6,8	endpoint	perturbation_label	0.3333333333333333	0.7037037037037037	0.43409030023392076	3.0
2,6,8	endpoint	cell_line_label	0.8888888888888888	0.9259259259259259	0.5940004899077743	1.0
2,6,8	delta	condition_key	0.1111111111111111	0.6666666666666666	0.23724362118245204	5.0
2,6,8	delta	perturbation_label	0.2962962962962963	0.7407407407407407	0.41381259034571294	2.0
2,6,8	delta	cell_line_label	0.37037037037037035	1.0	0.45289861839823287	2.0
2,7,8	endpoint	condition_key	0.2222222222222222	0.5925925925925926	0.33668196643274295	4.0
2,7,8	endpoint	perturbation_label	0.3333333333333333	0.7777777777777778	0.43652889638629117	3.0
2,7,8	endpoint	cell_line_label	0.7037037037037037	1.0	0.5860603676651439	1.0
2,7,8	delta	condition_key	0.25925925925925924	0.6296296296296297	0.30060788582629916	3.0
2,7,8	delta	perturbation_label	0.48148148148148145	0.7037037037037037	0.5204291074647237	2.0
2,7,8	delta	cell_line_label	0.4074074074074074	1.0	0.4456162438155928	2.0
3,4,5	endpoint	condition_key	0.2962962962962963	0.8888888888888888	0.3697380755034694	2.0
3,4,5	endpoint	perturbation_label	0.3333333333333333	1.0	0.402093532719994	2.0
3,4,5	endpoint	cell_line_label	0.9259259259259259	1.0	0.7357930804135366	1.0
3,4,5	delta	condition_key	0.4074074074074074	0.7407407407407407	0.357168578016955	2.0
3,4,5	delta	perturbation_label	0.4444444444444444	0.8148148148148148	0.45595393377749477	2.0
3,4,5	delta	cell_line_label	0.6666666666666666	1.0	0.4941156330135705	1.0
3,4,6	endpoint	condition_key	0.2962962962962963	0.8518518518518519	0.38846657506328314	2.0
3,4,6	endpoint	perturbation_label	0.2962962962962963	0.8518518518518519	0.4075935753899157	2.0
3,4,6	endpoint	cell_line_label	0.9629629629629629	1.0	0.7527309625927613	1.0
3,4,6	delta	condition_key	0.4444444444444444	0.7407407407407407	0.3595933388932796	2.0
3,4,6	delta	perturbation_label	0.5185185185185185	0.8518518518518519	0.462228748793953	1.0
3,4,6	delta	cell_line_label	0.7407407407407407	1.0	0.5114001781620258	1.0
3,4,7	endpoint	condition_key	0.3333333333333333	0.8518518518518519	0.3860779127419993	2.0
3,4,7	endpoint	perturbation_label	0.3333333333333333	0.8888888888888888	0.4162597552703436	2.0
3,4,7	endpoint	cell_line_label	0.9259259259259259	1.0	0.7155490873620484	1.0
3,4,7	delta	condition_key	0.4444444444444444	0.8888888888888888	0.3882212806619162	2.0
3,4,7	delta	perturbation_label	0.5185185185185185	0.9629629629629629	0.4772892945015416	1.0
3,4,7	delta	cell_line_label	0.8888888888888888	1.0	0.5308485324998772	1.0
3,4,8	endpoint	condition_key	0.3333333333333333	0.7777777777777778	0.3958643236543158	3.0
3,4,8	endpoint	perturbation_label	0.3333333333333333	0.8148148148148148	0.42439873087441266	3.0
3,4,8	endpoint	cell_line_label	1.0	1.0	0.7003700221699296	1.0
3,4,8	delta	condition_key	0.37037037037037035	0.7407407407407407	0.3410645827012992	2.0
3,4,8	delta	perturbation_label	0.4444444444444444	0.8148148148148148	0.46382994008372275	2.0
3,4,8	delta	cell_line_label	0.6296296296296297	1.0	0.5007953196186081	1.0
3,5,6	endpoint	condition_key	0.25925925925925924	1.0	0.3539964836261132	3.0
3,5,6	endpoint	perturbation_label	0.2962962962962963	1.0	0.39691344514859384	3.0
3,5,6	endpoint	cell_line_label	0.9629629629629629	1.0	0.7448388742613617	1.0
3,5,6	delta	condition_key	0.3333333333333333	0.7037037037037037	0.3376015751898179	3.0
3,5,6	delta	perturbation_label	0.48148148148148145	0.7407407407407407	0.4817960886389543	2.0
3,5,6	delta	cell_line_label	0.6296296296296297	1.0	0.4925461265985804	1.0
3,5,7	endpoint	condition_key	0.2222222222222222	0.8148148148148148	0.3590224824099953	2.0
3,5,7	endpoint	perturbation_label	0.2962962962962963	0.9259259259259259	0.41739545294059716	2.0
3,5,7	endpoint	cell_line_label	0.8518518518518519	1.0	0.6838053914775812	1.0
3,5,7	delta	condition_key	0.4444444444444444	0.7777777777777778	0.36099957676265243	2.0
3,5,7	delta	perturbation_label	0.5555555555555556	0.8148148148148148	0.4868799427372063	1.0
3,5,7	delta	cell_line_label	0.7777777777777778	0.9629629629629629	0.5022874145455986	1.0
3,5,8	endpoint	condition_key	0.2222222222222222	0.7407407407407407	0.3406961025811078	3.0
3,5,8	endpoint	perturbation_label	0.2962962962962963	0.8148148148148148	0.41675314945712977	2.0
3,5,8	endpoint	cell_line_label	0.7037037037037037	0.9629629629629629	0.6261635199215196	1.0
3,5,8	delta	condition_key	0.2962962962962963	0.6296296296296297	0.32110704874240414	3.0
3,5,8	delta	perturbation_label	0.4444444444444444	0.7777777777777778	0.4883563051837366	2.0
3,5,8	delta	cell_line_label	0.6666666666666666	0.8888888888888888	0.474551462636204	1.0
3,6,7	endpoint	condition_key	0.2962962962962963	0.7777777777777778	0.38621338082751816	3.0
3,6,7	endpoint	perturbation_label	0.2962962962962963	0.8518518518518519	0.42022322887091257	3.0
3,6,7	endpoint	cell_line_label	0.9629629629629629	1.0	0.7181871983323211	1.0
3,6,7	delta	condition_key	0.5555555555555556	0.8148148148148148	0.39187730064517984	1.0
3,6,7	delta	perturbation_label	0.6296296296296297	0.8888888888888888	0.49836874855235497	1.0
3,6,7	delta	cell_line_label	0.8148148148148148	1.0	0.5256116517269133	1.0
3,6,8	endpoint	condition_key	0.25925925925925924	0.7037037037037037	0.36734388568474713	3.0
3,6,8	endpoint	perturbation_label	0.3333333333333333	0.7407407407407407	0.4287381428824165	2.0
3,6,8	endpoint	cell_line_label	0.8518518518518519	1.0	0.6664303245132212	1.0
3,6,8	delta	condition_key	0.2962962962962963	0.5925925925925926	0.32415119670259684	4.0
3,6,8	delta	perturbation_label	0.4074074074074074	0.6666666666666666	0.49483838796831414	2.0
3,6,8	delta	cell_line_label	0.7037037037037037	0.9629629629629629	0.47382835058854456	1.0
3,7,8	endpoint	condition_key	0.3333333333333333	0.7407407407407407	0.3957648588757157	2.0
3,7,8	endpoint	perturbation_label	0.4074074074074074	0.8888888888888888	0.44287864448657405	2.0
3,7,8	endpoint	cell_line_label	0.7777777777777778	0.8518518518518519	0.6528902279267881	1.0
3,7,8	delta	condition_key	0.4074074074074074	0.7037037037037037	0.3643480435608382	2.0
3,7,8	delta	perturbation_label	0.5185185185185185	0.7777777777777778	0.5279708079931594	1.0
3,7,8	delta	cell_line_label	0.7407407407407407	1.0	0.48445958596554195	1.0
4,5,6	endpoint	condition_key	0.4074074074074074	0.9259259259259259	0.40138290883904915	2.0
4,5,6	endpoint	perturbation_label	0.4074074074074074	0.9629629629629629	0.4157063103050882	2.0
4,5,6	endpoint	cell_line_label	0.9629629629629629	1.0	0.734951929675415	1.0
4,5,6	delta	condition_key	0.18518518518518517	0.8148148148148148	0.29496095475742307	3.0
4,5,6	delta	perturbation_label	0.4074074074074074	1.0	0.434438687411584	2.0
4,5,6	delta	cell_line_label	0.4444444444444444	1.0	0.48041997823320265	2.0
4,5,7	endpoint	condition_key	0.2222222222222222	0.7407407407407407	0.3448707576531221	3.0
4,5,7	endpoint	perturbation_label	0.3333333333333333	0.8518518518518519	0.41606835819273236	2.0
4,5,7	endpoint	cell_line_label	0.7037037037037037	1.0	0.6619203959843288	1.0
4,5,7	delta	condition_key	0.37037037037037035	0.8518518518518519	0.33917161376537297	2.0
4,5,7	delta	perturbation_label	0.5185185185185185	0.9259259259259259	0.4649904695945653	1.0
4,5,7	delta	cell_line_label	0.7407407407407407	1.0	0.4813341844308119	1.0
4,5,8	endpoint	condition_key	0.3333333333333333	0.6296296296296297	0.36973363796575387	3.0
4,5,8	endpoint	perturbation_label	0.3333333333333333	0.7777777777777778	0.4346668924400379	2.0
4,5,8	endpoint	cell_line_label	1.0	1.0	0.6411136138322059	1.0
4,5,8	delta	condition_key	0.25925925925925924	0.7037037037037037	0.3020836483816397	3.0
4,5,8	delta	perturbation_label	0.37037037037037035	0.8518518518518519	0.4348772867764299	2.0
4,5,8	delta	cell_line_label	0.48148148148148145	0.9629629629629629	0.4556275392751398	2.0
4,6,7	endpoint	condition_key	0.4074074074074074	0.7407407407407407	0.4262214717644889	2.0
4,6,7	endpoint	perturbation_label	0.4074074074074074	0.7777777777777778	0.4246376869466232	2.0
4,6,7	endpoint	cell_line_label	0.9259259259259259	1.0	0.7236098907553242	1.0
4,6,7	delta	condition_key	0.48148148148148145	0.8148148148148148	0.3720715980576736	2.0
4,6,7	delta	perturbation_label	0.5925925925925926	0.8518518518518519	0.48840946424438875	1.0
4,6,7	delta	cell_line_label	0.6666666666666666	1.0	0.5001080796409622	1.0
4,6,8	endpoint	condition_key	0.37037037037037035	0.6666666666666666	0.3950919597594789	3.0
4,6,8	endpoint	perturbation_label	0.37037037037037035	0.6666666666666666	0.44556095086395514	3.0
4,6,8	endpoint	cell_line_label	0.9629629629629629	1.0	0.6687471232471848	1.0
4,6,8	delta	condition_key	0.25925925925925924	0.6296296296296297	0.292207183760618	3.0
4,6,8	delta	perturbation_label	0.37037037037037035	0.7777777777777778	0.4529665939040654	2.0
4,6,8	delta	cell_line_label	0.5185185185185185	0.9629629629629629	0.46761684352179733	1.0
4,7,8	endpoint	condition_key	0.3333333333333333	0.6666666666666666	0.40181816622971905	3.0
4,7,8	endpoint	perturbation_label	0.3333333333333333	0.7407407407407407	0.4455104157823439	3.0
4,7,8	endpoint	cell_line_label	0.9629629629629629	1.0	0.6674289150706062	1.0
4,7,8	delta	condition_key	0.37037037037037035	0.7777777777777778	0.3489430490993435	2.0
4,7,8	delta	perturbation_label	0.5185185185185185	0.8888888888888888	0.4988710738622662	1.0
4,7,8	delta	cell_line_label	0.5555555555555556	1.0	0.4726541971057292	1.0
5,6,7	endpoint	condition_key	0.4074074074074074	0.9259259259259259	0.40845158830051614	2.0
5,6,7	endpoint	perturbation_label	0.4074074074074074	0.9259259259259259	0.4187288863282841	2.0
5,6,7	endpoint	cell_line_label	0.9259259259259259	1.0	0.7289320371704597	1.0
5,6,7	delta	condition_key	0.2962962962962963	0.7777777777777778	0.327629089074239	2.0
5,6,7	delta	perturbation_label	0.4074074074074074	0.8888888888888888	0.4732447621131233	2.0
5,6,7	delta	cell_line_label	0.6296296296296297	0.9629629629629629	0.49769292360375605	1.0
5,6,8	endpoint	condition_key	0.2962962962962963	0.7407407407407407	0.36126600778817064	3.0
5,6,8	endpoint	perturbation_label	0.4444444444444444	0.7777777777777778	0.4280020095345921	2.0
5,6,8	endpoint	cell_line_label	0.7037037037037037	1.0	0.6299251164710974	1.0
5,6,8	delta	condition_key	0.25925925925925924	0.7037037037037037	0.28775464848619103	4.0
5,6,8	delta	perturbation_label	0.37037037037037035	0.8518518518518519	0.43521026488908027	2.0
5,6,8	delta	cell_line_label	0.5925925925925926	0.9629629629629629	0.4610905095365144	1.0
5,7,8	endpoint	condition_key	0.25925925925925924	0.6296296296296297	0.34784443582001207	3.0
5,7,8	endpoint	perturbation_label	0.37037037037037035	0.8888888888888888	0.4385840439056522	2.0
5,7,8	endpoint	cell_line_label	0.8148148148148148	0.9629629629629629	0.6144560578535084	1.0
5,7,8	delta	condition_key	0.37037037037037035	0.5555555555555556	0.3091528445617027	4.0
5,7,8	delta	perturbation_label	0.4074074074074074	0.6666666666666666	0.48839505148565493	2.0
5,7,8	delta	cell_line_label	0.7037037037037037	0.9259259259259259	0.45934411541871206	1.0
6,7,8	endpoint	condition_key	0.3333333333333333	0.7777777777777778	0.41345746429461155	3.0
6,7,8	endpoint	perturbation_label	0.4074074074074074	0.8518518518518519	0.45251809755826794	3.0
6,7,8	endpoint	cell_line_label	0.8518518518518519	1.0	0.6769081616897856	1.0
6,7,8	delta	condition_key	0.3333333333333333	0.5925925925925926	0.31942025990851164	3.0
6,7,8	delta	perturbation_label	0.4444444444444444	0.6666666666666666	0.5135255549666707	2.0
6,7,8	delta	cell_line_label	0.5555555555555556	1.0	0.45880584629887083	1.0
